query_id,rank,cosine_sim,ref_sample_id,ref_source,ref_image_id,ref_label,ref_path
000006.jpg,1,0.7073550224304199,train/003989.jpg,train,003989.jpg,0,preprocess/bbox_crop/train/003989_mask_000.png
000006.jpg,2,0.6894057989120483,train/000004.jpg,train,000004.jpg,1,preprocess/bbox_crop/train/000004_mask_000.png
000006.jpg,3,0.6764012575149536,train/000629.jpg,train,000629.jpg,1,preprocess/bbox_crop/train/000629_mask_000.png
000006.jpg,4,0.667180597782135,train/003346.jpg,train,003346.jpg,1,preprocess/bbox_crop/train/003346_mask_000.png
000006.jpg,5,0.6542569994926453,train/004897.jpg,train,004897.jpg,0,preprocess/bbox_crop/train/004897_mask_000.png
000006.jpg,6,0.6515592336654663,train/000642.jpg,train,000642.jpg,0,preprocess/bbox_crop/train/000642_mask_000.png
000006.jpg,7,0.649449348449707,train/001591.jpg,train,001591.jpg,1,preprocess/bbox_crop/train/001591_mask_000.png
000006.jpg,8,0.6479336023330688,train/002204.jpg,train,002204.jpg,0,preprocess/bbox_crop/train/002204_mask_000.png
000006.jpg,9,0.6442751884460449,train/004824.jpg,train,004824.jpg,1,preprocess/bbox_crop/train/004824_mask_000.png
000006.jpg,10,0.6384010314941406,train/001956.jpg,train,001956.jpg,1,preprocess/bbox_crop/train/001956_mask_000.png
000006.jpg,11,0.6366007924079895,train/003548.jpg,train,003548.jpg,1,preprocess/bbox_crop/train/003548_mask_000.png
000006.jpg,12,0.6365654468536377,train/001740.jpg,train,001740.jpg,1,preprocess/bbox_crop/train/001740_mask_000.png
000006.jpg,13,0.6349197626113892,train/002066.jpg,train,002066.jpg,1,preprocess/bbox_crop/train/002066_mask_000.png
000006.jpg,14,0.6344035863876343,train/001562.jpg,train,001562.jpg,1,preprocess/bbox_crop/train/001562_mask_000.png
000006.jpg,15,0.6328214406967163,train/003407.jpg,train,003407.jpg,1,preprocess/bbox_crop/train/003407_mask_000.png
000006.jpg,16,0.6312386989593506,train/001686.jpg,train,001686.jpg,1,preprocess/bbox_crop/train/001686_mask_000.png
000006.jpg,17,0.6297357082366943,train/004924.jpg,train,004924.jpg,1,preprocess/bbox_crop/train/004924_mask_000.png
000006.jpg,18,0.6293549537658691,train/004987.jpg,train,004987.jpg,1,preprocess/bbox_crop/train/004987_mask_000.png
000006.jpg,19,0.6283837556838989,train/000604.jpg,train,000604.jpg,0,preprocess/bbox_crop/train/000604_mask_000.png
000006.jpg,20,0.6282171010971069,train/000165.jpg,train,000165.jpg,0,preprocess/bbox_crop/train/000165_mask_000.png
000016.jpg,1,0.8897178173065186,train/005086.jpg,train,005086.jpg,0,preprocess/bbox_crop/train/005086_mask_000.png
000016.jpg,2,0.8453672528266907,train/002248.jpg,train,002248.jpg,1,preprocess/bbox_crop/train/002248_mask_000.png
000016.jpg,3,0.8447709679603577,train/002084.jpg,train,002084.jpg,0,preprocess/bbox_crop/train/002084_mask_000.png
000016.jpg,4,0.8428918123245239,train/003093.jpg,train,003093.jpg,1,preprocess/bbox_crop/train/003093_mask_000.png
000016.jpg,5,0.8388404846191406,train/003562.jpg,train,003562.jpg,1,preprocess/bbox_crop/train/003562_mask_000.png
000016.jpg,6,0.8385812044143677,train/003334.jpg,train,003334.jpg,0,preprocess/bbox_crop/train/003334_mask_000.png
000016.jpg,7,0.835220217704773,train/003100.jpg,train,003100.jpg,1,preprocess/bbox_crop/train/003100_mask_000.png
000016.jpg,8,0.8342004418373108,train/003599.jpg,train,003599.jpg,1,preprocess/bbox_crop/train/003599_mask_000.png
000016.jpg,9,0.8335092067718506,train/003767.jpg,train,003767.jpg,0,preprocess/bbox_crop/train/003767_mask_000.png
000016.jpg,10,0.8332604169845581,train/002608.jpg,train,002608.jpg,1,preprocess/bbox_crop/train/002608_mask_000.png
000016.jpg,11,0.8328646421432495,train/001344.jpg,train,001344.jpg,1,preprocess/bbox_crop/train/001344_mask_000.png
000016.jpg,12,0.832069456577301,train/003312.jpg,train,003312.jpg,1,preprocess/bbox_crop/train/003312_mask_000.png
000016.jpg,13,0.8276387453079224,train/000291.jpg,train,000291.jpg,0,preprocess/bbox_crop/train/000291_mask_000.png
000016.jpg,14,0.8272641897201538,train/004047.jpg,train,004047.jpg,0,preprocess/bbox_crop/train/004047_mask_000.png
000016.jpg,15,0.8243001699447632,train/002677.jpg,train,002677.jpg,1,preprocess/bbox_crop/train/002677_mask_000.png
000016.jpg,16,0.8242477178573608,train/004435.jpg,train,004435.jpg,1,preprocess/bbox_crop/train/004435_mask_000.png
000016.jpg,17,0.8232409954071045,train/001937.jpg,train,001937.jpg,1,preprocess/bbox_crop/train/001937_mask_000.png
000016.jpg,18,0.8221176862716675,train/001477.jpg,train,001477.jpg,1,preprocess/bbox_crop/train/001477_mask_000.png
000016.jpg,19,0.8219645023345947,train/004270.jpg,train,004270.jpg,1,preprocess/bbox_crop/train/004270_mask_000.png
000016.jpg,20,0.8204103708267212,train/003792.jpg,train,003792.jpg,1,preprocess/bbox_crop/train/003792_mask_000.png
000017.jpg,1,0.8254035711288452,train/002993.jpg,train,002993.jpg,1,preprocess/bbox_crop/train/002993_mask_000.png
000017.jpg,2,0.8099626302719116,train/004310.jpg,train,004310.jpg,1,preprocess/bbox_crop/train/004310_mask_000.png
000017.jpg,3,0.7900859117507935,train/004393.jpg,train,004393.jpg,1,preprocess/bbox_crop/train/004393_mask_000.png
000017.jpg,4,0.7788249254226685,train/003607.jpg,train,003607.jpg,1,preprocess/bbox_crop/train/003607_mask_000.png
000017.jpg,5,0.7749302983283997,train/004419.jpg,train,004419.jpg,1,preprocess/bbox_crop/train/004419_mask_000.png
000017.jpg,6,0.7728229761123657,train/004508.jpg,train,004508.jpg,1,preprocess/bbox_crop/train/004508_mask_000.png
000017.jpg,7,0.7723191380500793,train/004994.jpg,train,004994.jpg,1,preprocess/bbox_crop/train/004994_mask_000.png
000017.jpg,8,0.7720686197280884,train/003002.jpg,train,003002.jpg,1,preprocess/bbox_crop/train/003002_mask_000.png
000017.jpg,9,0.7696123123168945,train/002916.jpg,train,002916.jpg,1,preprocess/bbox_crop/train/002916_mask_000.png
000017.jpg,10,0.7656976580619812,train/001516.jpg,train,001516.jpg,0,preprocess/bbox_crop/train/001516_mask_000.png
000017.jpg,11,0.7626100182533264,train/001136.jpg,train,001136.jpg,1,preprocess/bbox_crop/train/001136_mask_000.png
000017.jpg,12,0.7584261894226074,train/003137.jpg,train,003137.jpg,0,preprocess/bbox_crop/train/003137_mask_000.png
000017.jpg,13,0.7563520669937134,train/001539.jpg,train,001539.jpg,0,preprocess/bbox_crop/train/001539_mask_000.png
000017.jpg,14,0.7486370801925659,train/004319.jpg,train,004319.jpg,1,preprocess/bbox_crop/train/004319_mask_000.png
000017.jpg,15,0.7481437921524048,train/003767.jpg,train,003767.jpg,0,preprocess/bbox_crop/train/003767_mask_000.png
000017.jpg,16,0.7479885816574097,train/002710.jpg,train,002710.jpg,1,preprocess/bbox_crop/train/002710_mask_000.png
000017.jpg,17,0.747941255569458,train/003910.jpg,train,003910.jpg,1,preprocess/bbox_crop/train/003910_mask_000.png
000017.jpg,18,0.7421491742134094,train/000077.jpg,train,000077.jpg,1,preprocess/bbox_crop/train/000077_mask_000.png
000017.jpg,19,0.7405799627304077,train/002271.jpg,train,002271.jpg,1,preprocess/bbox_crop/train/002271_mask_000.png
000017.jpg,20,0.7399677038192749,train/001090.jpg,train,001090.jpg,1,preprocess/bbox_crop/train/001090_mask_000.png
000020.jpg,1,0.8533077239990234,train/001802.jpg,train,001802.jpg,0,preprocess/bbox_crop/train/001802_mask_000.png
000020.jpg,2,0.8504415154457092,train/005089.jpg,train,005089.jpg,1,preprocess/bbox_crop/train/005089_mask_000.png
000020.jpg,3,0.8499963879585266,train/000560.jpg,train,000560.jpg,1,preprocess/bbox_crop/train/000560_mask_000.png
000020.jpg,4,0.847370982170105,train/001355.jpg,train,001355.jpg,1,preprocess/bbox_crop/train/001355_mask_000.png
000020.jpg,5,0.8453999161720276,train/004885.jpg,train,004885.jpg,1,preprocess/bbox_crop/train/004885_mask_000.png
000020.jpg,6,0.8450311422348022,train/004617.jpg,train,004617.jpg,0,preprocess/bbox_crop/train/004617_mask_000.png
000020.jpg,7,0.8442883491516113,train/004152.jpg,train,004152.jpg,0,preprocess/bbox_crop/train/004152_mask_000.png
000020.jpg,8,0.842881441116333,train/001067.jpg,train,001067.jpg,1,preprocess/bbox_crop/train/001067_mask_000.png
000020.jpg,9,0.840400218963623,train/004022.jpg,train,004022.jpg,1,preprocess/bbox_crop/train/004022_mask_000.png
000020.jpg,10,0.8394267559051514,myval/img_4056a3da69ae.jpg,myval,img_4056a3da69ae.jpg,0,preprocess/bbox_crop/myval/img_4056a3da69ae_mask_000.png
000020.jpg,11,0.8378936648368835,myval/img_717c3366d0f8.jpg,myval,img_717c3366d0f8.jpg,0,preprocess/bbox_crop/myval/img_717c3366d0f8_mask_000.png
000020.jpg,12,0.8373037576675415,train/004323.jpg,train,004323.jpg,1,preprocess/bbox_crop/train/004323_mask_000.png
000020.jpg,13,0.8370628356933594,train/000130.jpg,train,000130.jpg,0,preprocess/bbox_crop/train/000130_mask_000.png
000020.jpg,14,0.8367297649383545,train/003468.jpg,train,003468.jpg,1,preprocess/bbox_crop/train/003468_mask_000.png
000020.jpg,15,0.8363019227981567,train/003200.jpg,train,003200.jpg,1,preprocess/bbox_crop/train/003200_mask_000.png
000020.jpg,16,0.8362786173820496,myval/img_70db29f216c8.jpg,myval,img_70db29f216c8.jpg,0,preprocess/bbox_crop/myval/img_70db29f216c8_mask_000.png
000020.jpg,17,0.8344107866287231,train/001662.jpg,train,001662.jpg,0,preprocess/bbox_crop/train/001662_mask_000.png
000020.jpg,18,0.8333908915519714,train/001330.jpg,train,001330.jpg,1,preprocess/bbox_crop/train/001330_mask_000.png
000020.jpg,19,0.8333908915519714,train/001341.jpg,train,001341.jpg,1,preprocess/bbox_crop/train/001341_mask_000.png
000020.jpg,20,0.8330398201942444,train/002018.jpg,train,002018.jpg,1,preprocess/bbox_crop/train/002018_mask_000.png
000021.jpg,1,0.8542300462722778,train/000874.jpg,train,000874.jpg,1,preprocess/bbox_crop/train/000874_mask_000.png
000021.jpg,2,0.8496954441070557,train/000095.jpg,train,000095.jpg,1,preprocess/bbox_crop/train/000095_mask_000.png
000021.jpg,3,0.8481905460357666,train/001989.jpg,train,001989.jpg,1,preprocess/bbox_crop/train/001989_mask_000.png
000021.jpg,4,0.8461089134216309,train/004965.jpg,train,004965.jpg,0,preprocess/bbox_crop/train/004965_mask_000.png
000021.jpg,5,0.8455678224563599,train/004261.jpg,train,004261.jpg,0,preprocess/bbox_crop/train/004261_mask_000.png
000021.jpg,6,0.8440879583358765,train/001374.jpg,train,001374.jpg,1,preprocess/bbox_crop/train/001374_mask_000.png
000021.jpg,7,0.8438488245010376,train/004864.jpg,train,004864.jpg,1,preprocess/bbox_crop/train/004864_mask_000.png
000021.jpg,8,0.8414504528045654,train/004294.jpg,train,004294.jpg,0,preprocess/bbox_crop/train/004294_mask_000.png
000021.jpg,9,0.839183509349823,train/001581.jpg,train,001581.jpg,0,preprocess/bbox_crop/train/001581_mask_000.png
000021.jpg,10,0.8344347476959229,train/001652.jpg,train,001652.jpg,1,preprocess/bbox_crop/train/001652_mask_000.png
000021.jpg,11,0.8318188190460205,train/000941.jpg,train,000941.jpg,1,preprocess/bbox_crop/train/000941_mask_000.png
000021.jpg,12,0.8316234350204468,train/002383.jpg,train,002383.jpg,0,preprocess/bbox_crop/train/002383_mask_000.png
000021.jpg,13,0.8283442854881287,myval/img_392f9354bbce.jpg,myval,img_392f9354bbce.jpg,0,preprocess/bbox_crop/myval/img_392f9354bbce_mask_000.png
000021.jpg,14,0.8277906775474548,train/000412.jpg,train,000412.jpg,1,preprocess/bbox_crop/train/000412_mask_000.png
000021.jpg,15,0.8273591995239258,train/001430.jpg,train,001430.jpg,1,preprocess/bbox_crop/train/001430_mask_000.png
000021.jpg,16,0.8265835046768188,train/001953.jpg,train,001953.jpg,0,preprocess/bbox_crop/train/001953_mask_000.png
000021.jpg,17,0.8242267370223999,train/004792.jpg,train,004792.jpg,0,preprocess/bbox_crop/train/004792_mask_000.png
000021.jpg,18,0.823736310005188,train/001822.jpg,train,001822.jpg,1,preprocess/bbox_crop/train/001822_mask_000.png
000021.jpg,19,0.8232919573783875,train/002653.jpg,train,002653.jpg,1,preprocess/bbox_crop/train/002653_mask_000.png
000021.jpg,20,0.8213691115379333,train/000688.jpg,train,000688.jpg,0,preprocess/bbox_crop/train/000688_mask_000.png
000035.jpg,1,0.8688586950302124,train/004873.jpg,train,004873.jpg,0,preprocess/bbox_crop/train/004873_mask_000.png
000035.jpg,2,0.8609450459480286,train/000741.jpg,train,000741.jpg,0,preprocess/bbox_crop/train/000741_mask_000.png
000035.jpg,3,0.8589245080947876,train/003208.jpg,train,003208.jpg,1,preprocess/bbox_crop/train/003208_mask_000.png
000035.jpg,4,0.8512822985649109,train/004828.jpg,train,004828.jpg,1,preprocess/bbox_crop/train/004828_mask_000.png
000035.jpg,5,0.8494718074798584,train/000198.jpg,train,000198.jpg,0,preprocess/bbox_crop/train/000198_mask_000.png
000035.jpg,6,0.8450438976287842,train/004301.jpg,train,004301.jpg,0,preprocess/bbox_crop/train/004301_mask_000.png
000035.jpg,7,0.8445006012916565,train/004561.jpg,train,004561.jpg,0,preprocess/bbox_crop/train/004561_mask_000.png
000035.jpg,8,0.844432532787323,train/001252.jpg,train,001252.jpg,1,preprocess/bbox_crop/train/001252_mask_000.png
000035.jpg,9,0.8395249843597412,train/003100.jpg,train,003100.jpg,1,preprocess/bbox_crop/train/003100_mask_000.png
000035.jpg,10,0.8395037651062012,train/000516.jpg,train,000516.jpg,0,preprocess/bbox_crop/train/000516_mask_000.png
000035.jpg,11,0.83831787109375,train/003431.jpg,train,003431.jpg,1,preprocess/bbox_crop/train/003431_mask_000.png
000035.jpg,12,0.837268590927124,train/001594.jpg,train,001594.jpg,0,preprocess/bbox_crop/train/001594_mask_000.png
000035.jpg,13,0.8358801603317261,train/004340.jpg,train,004340.jpg,1,preprocess/bbox_crop/train/004340_mask_000.png
000035.jpg,14,0.8356304168701172,train/000763.jpg,train,000763.jpg,0,preprocess/bbox_crop/train/000763_mask_000.png
000035.jpg,15,0.8349521160125732,train/000244.jpg,train,000244.jpg,1,preprocess/bbox_crop/train/000244_mask_000.png
000035.jpg,16,0.834825873374939,train/001575.jpg,train,001575.jpg,1,preprocess/bbox_crop/train/001575_mask_000.png
000035.jpg,17,0.8343191146850586,train/002371.jpg,train,002371.jpg,1,preprocess/bbox_crop/train/002371_mask_000.png
000035.jpg,18,0.8332427740097046,train/001143.jpg,train,001143.jpg,1,preprocess/bbox_crop/train/001143_mask_000.png
000035.jpg,19,0.8329710960388184,train/001716.jpg,train,001716.jpg,1,preprocess/bbox_crop/train/001716_mask_000.png
000035.jpg,20,0.832608699798584,train/002394.jpg,train,002394.jpg,1,preprocess/bbox_crop/train/002394_mask_000.png
000037.jpg,1,0.6232125163078308,train/005076.jpg,train,005076.jpg,1,preprocess/bbox_crop/train/005076_mask_000.png
000037.jpg,2,0.6205940842628479,train/001331.jpg,train,001331.jpg,1,preprocess/bbox_crop/train/001331_mask_000.png
000037.jpg,3,0.5695953369140625,myval/m4.jpg,myval,m4.jpg,1,preprocess/bbox_crop/myval/m4_mask_000.png
000037.jpg,4,0.5561976432800293,train/001922.jpg,train,001922.jpg,0,preprocess/bbox_crop/train/001922_mask_000.png
000037.jpg,5,0.5512962341308594,myval/h-r25.jpg,myval,h-r25.jpg,0,preprocess/bbox_crop/myval/h-r25_mask_000.png
000037.jpg,6,0.5512962341308594,myval/r25.jpg,myval,r25.jpg,0,preprocess/bbox_crop/myval/h-r25_mask_000.png
000037.jpg,7,0.5465123653411865,myval/img_a050f9e263cd.jpg,myval,img_a050f9e263cd.jpg,1,preprocess/bbox_crop/myval/img_a050f9e263cd_mask_000.png
000037.jpg,8,0.5458125472068787,myval/img_d45ebf195c4e.jpg,myval,img_d45ebf195c4e.jpg,0,preprocess/bbox_crop/myval/img_d45ebf195c4e_mask_000.png
000037.jpg,9,0.5448497533798218,train/004260.jpg,train,004260.jpg,1,preprocess/bbox_crop/train/004260_mask_000.png
000037.jpg,10,0.5304991006851196,train/002920.jpg,train,002920.jpg,1,preprocess/bbox_crop/train/002920_mask_000.png
000037.jpg,11,0.5265965461730957,train/000664.jpg,train,000664.jpg,1,preprocess/bbox_crop/train/000664_mask_000.png
000037.jpg,12,0.523775577545166,train/001285.jpg,train,001285.jpg,1,preprocess/bbox_crop/train/001285_mask_000.png
000037.jpg,13,0.5176459550857544,train/001861.jpg,train,001861.jpg,1,preprocess/bbox_crop/train/001861_mask_000.png
000037.jpg,14,0.5147335529327393,train/004120.jpg,train,004120.jpg,1,preprocess/bbox_crop/train/004120_mask_000.png
000037.jpg,15,0.5122363567352295,train/002710.jpg,train,002710.jpg,1,preprocess/bbox_crop/train/002710_mask_000.png
000037.jpg,16,0.5105932354927063,myval/img_f4f0ae71390d.jpg,myval,img_f4f0ae71390d.jpg,0,preprocess/bbox_crop/myval/img_f4f0ae71390d_mask_000.png
000037.jpg,17,0.5105106830596924,train/004522.jpg,train,004522.jpg,1,preprocess/bbox_crop/train/004522_mask_000.png
000037.jpg,18,0.5097339749336243,train/003607.jpg,train,003607.jpg,1,preprocess/bbox_crop/train/003607_mask_000.png
000037.jpg,19,0.5074617862701416,train/004413.jpg,train,004413.jpg,1,preprocess/bbox_crop/train/004413_mask_000.png
000037.jpg,20,0.5059083700180054,train/001348.jpg,train,001348.jpg,1,preprocess/bbox_crop/train/001348_mask_000.png
000039.jpg,1,0.7402346134185791,train/003989.jpg,train,003989.jpg,0,preprocess/bbox_crop/train/003989_mask_000.png
000039.jpg,2,0.7230910062789917,train/004967.jpg,train,004967.jpg,1,preprocess/bbox_crop/train/004967_mask_000.png
000039.jpg,3,0.7228312492370605,train/001552.jpg,train,001552.jpg,1,preprocess/bbox_crop/train/001552_mask_000.png
000039.jpg,4,0.7222796678543091,train/000629.jpg,train,000629.jpg,1,preprocess/bbox_crop/train/000629_mask_000.png
000039.jpg,5,0.7207469940185547,train/000165.jpg,train,000165.jpg,0,preprocess/bbox_crop/train/000165_mask_000.png
000039.jpg,6,0.7159757614135742,train/002987.jpg,train,002987.jpg,1,preprocess/bbox_crop/train/002987_mask_000.png
000039.jpg,7,0.7157971858978271,train/001744.jpg,train,001744.jpg,1,preprocess/bbox_crop/train/001744_mask_000.png
000039.jpg,8,0.7139078378677368,train/004897.jpg,train,004897.jpg,0,preprocess/bbox_crop/train/004897_mask_000.png
000039.jpg,9,0.7075155973434448,train/001740.jpg,train,001740.jpg,1,preprocess/bbox_crop/train/001740_mask_000.png
000039.jpg,10,0.7074238061904907,train/004344.jpg,train,004344.jpg,1,preprocess/bbox_crop/train/004344_mask_000.png
000039.jpg,11,0.7070144414901733,train/004992.jpg,train,004992.jpg,1,preprocess/bbox_crop/train/004992_mask_000.png
000039.jpg,12,0.6957578659057617,train/003486.jpg,train,003486.jpg,1,preprocess/bbox_crop/train/003486_mask_000.png
000039.jpg,13,0.6929958462715149,train/003471.jpg,train,003471.jpg,1,preprocess/bbox_crop/train/003471_mask_000.png
000039.jpg,14,0.6898603439331055,train/001515.jpg,train,001515.jpg,0,preprocess/bbox_crop/train/001515_mask_000.png
000039.jpg,15,0.6891723871231079,train/003346.jpg,train,003346.jpg,1,preprocess/bbox_crop/train/003346_mask_000.png
000039.jpg,16,0.6889487504959106,train/000423.jpg,train,000423.jpg,1,preprocess/bbox_crop/train/000423_mask_000.png
000039.jpg,17,0.6857569813728333,train/001956.jpg,train,001956.jpg,1,preprocess/bbox_crop/train/001956_mask_000.png
000039.jpg,18,0.6846644878387451,train/000004.jpg,train,000004.jpg,1,preprocess/bbox_crop/train/000004_mask_000.png
000039.jpg,19,0.6821813583374023,train/001614.jpg,train,001614.jpg,1,preprocess/bbox_crop/train/001614_mask_000.png
000039.jpg,20,0.6805192232131958,train/003277.jpg,train,003277.jpg,0,preprocess/bbox_crop/train/003277_mask_000.png
000045.jpg,1,0.786899209022522,train/004958.jpg,train,004958.jpg,0,preprocess/bbox_crop/train/004958_mask_000.png
000045.jpg,2,0.776394248008728,train/000068.jpg,train,000068.jpg,0,preprocess/bbox_crop/train/000068_mask_000.png
000045.jpg,3,0.7633403539657593,train/000348.jpg,train,000348.jpg,0,preprocess/bbox_crop/train/000348_mask_000.png
000045.jpg,4,0.7600057721138,train/004662.jpg,train,004662.jpg,0,preprocess/bbox_crop/train/004662_mask_000.png
000045.jpg,5,0.753979504108429,train/001735.jpg,train,001735.jpg,1,preprocess/bbox_crop/train/001735_mask_000.png
000045.jpg,6,0.7471563816070557,train/000415.jpg,train,000415.jpg,1,preprocess/bbox_crop/train/000415_mask_000.png
000045.jpg,7,0.7417072057723999,train/001114.jpg,train,001114.jpg,0,preprocess/bbox_crop/train/001114_mask_000.png
000045.jpg,8,0.7410860061645508,train/001553.jpg,train,001553.jpg,1,preprocess/bbox_crop/train/001553_mask_000.png
000045.jpg,9,0.7363004684448242,train/001153.jpg,train,001153.jpg,0,preprocess/bbox_crop/train/001153_mask_000.png
000045.jpg,10,0.736109733581543,train/001797.jpg,train,001797.jpg,0,preprocess/bbox_crop/train/001797_mask_000.png
000045.jpg,11,0.7356057167053223,train/002696.jpg,train,002696.jpg,1,preprocess/bbox_crop/train/002696_mask_000.png
000045.jpg,12,0.7340086698532104,train/001802.jpg,train,001802.jpg,0,preprocess/bbox_crop/train/001802_mask_000.png
000045.jpg,13,0.7329469919204712,train/000795.jpg,train,000795.jpg,0,preprocess/bbox_crop/train/000795_mask_000.png
000045.jpg,14,0.7316407561302185,train/004921.jpg,train,004921.jpg,1,preprocess/bbox_crop/train/004921_mask_000.png
000045.jpg,15,0.7306884527206421,train/005085.jpg,train,005085.jpg,0,preprocess/bbox_crop/train/005085_mask_000.png
000045.jpg,16,0.7300312519073486,train/001425.jpg,train,001425.jpg,1,preprocess/bbox_crop/train/001425_mask_000.png
000045.jpg,17,0.7297306060791016,train/000948.jpg,train,000948.jpg,1,preprocess/bbox_crop/train/000948_mask_000.png
000045.jpg,18,0.7294273376464844,train/004345.jpg,train,004345.jpg,0,preprocess/bbox_crop/train/004345_mask_000.png
000045.jpg,19,0.7291182279586792,train/004911.jpg,train,004911.jpg,0,preprocess/bbox_crop/train/004911_mask_000.png
000045.jpg,20,0.7290763854980469,train/003147.jpg,train,003147.jpg,1,preprocess/bbox_crop/train/003147_mask_000.png
000046.jpg,1,0.8032622337341309,train/003625.jpg,train,003625.jpg,0,preprocess/bbox_crop/train/003625_mask_000.png
000046.jpg,2,0.7857900857925415,train/003371.jpg,train,003371.jpg,0,preprocess/bbox_crop/train/003371_mask_000.png
000046.jpg,3,0.7765778303146362,train/002335.jpg,train,002335.jpg,1,preprocess/bbox_crop/train/002335_mask_000.png
000046.jpg,4,0.767957329750061,train/001050.jpg,train,001050.jpg,0,preprocess/bbox_crop/train/001050_mask_000.png
000046.jpg,5,0.7651448249816895,train/002655.jpg,train,002655.jpg,0,preprocess/bbox_crop/train/002655_mask_000.png
000046.jpg,6,0.7609182000160217,train/003037.jpg,train,003037.jpg,0,preprocess/bbox_crop/train/003037_mask_000.png
000046.jpg,7,0.760612964630127,train/004614.jpg,train,004614.jpg,1,preprocess/bbox_crop/train/004614_mask_000.png
000046.jpg,8,0.7599114775657654,train/003403.jpg,train,003403.jpg,1,preprocess/bbox_crop/train/003403_mask_000.png
000046.jpg,9,0.7562361359596252,train/001412.jpg,train,001412.jpg,0,preprocess/bbox_crop/train/001412_mask_000.png
000046.jpg,10,0.7536339163780212,train/001387.jpg,train,001387.jpg,0,preprocess/bbox_crop/train/001387_mask_000.png
000046.jpg,11,0.7452762126922607,train/003905.jpg,train,003905.jpg,1,preprocess/bbox_crop/train/003905_mask_000.png
000046.jpg,12,0.7425496578216553,train/003808.jpg,train,003808.jpg,0,preprocess/bbox_crop/train/003808_mask_000.png
000046.jpg,13,0.7424907088279724,train/003533.jpg,train,003533.jpg,1,preprocess/bbox_crop/train/003533_mask_000.png
000046.jpg,14,0.7423641681671143,train/000010.jpg,train,000010.jpg,1,preprocess/bbox_crop/train/000010_mask_000.png
000046.jpg,15,0.742343544960022,train/002299.jpg,train,002299.jpg,0,preprocess/bbox_crop/train/002299_mask_000.png
000046.jpg,16,0.7411687970161438,train/004074.jpg,train,004074.jpg,0,preprocess/bbox_crop/train/004074_mask_000.png
000046.jpg,17,0.7398141026496887,train/001059.jpg,train,001059.jpg,1,preprocess/bbox_crop/train/001059_mask_000.png
000046.jpg,18,0.7378657460212708,train/003234.jpg,train,003234.jpg,0,preprocess/bbox_crop/train/003234_mask_000.png
000046.jpg,19,0.7361761331558228,train/003425.jpg,train,003425.jpg,0,preprocess/bbox_crop/train/003425_mask_000.png
000046.jpg,20,0.7354202270507812,train/004477.jpg,train,004477.jpg,0,preprocess/bbox_crop/train/004477_mask_000.png
000053.jpg,1,0.916611909866333,train/002860.jpg,train,002860.jpg,0,preprocess/bbox_crop/train/002860_mask_000.png
000053.jpg,2,0.914160430431366,train/001973.jpg,train,001973.jpg,0,preprocess/bbox_crop/train/001973_mask_000.png
000053.jpg,3,0.9084400534629822,train/001823.jpg,train,001823.jpg,0,preprocess/bbox_crop/train/001823_mask_000.png
000053.jpg,4,0.908203661441803,train/001477.jpg,train,001477.jpg,1,preprocess/bbox_crop/train/001477_mask_000.png
000053.jpg,5,0.9062842726707458,train/004942.jpg,train,004942.jpg,0,preprocess/bbox_crop/train/004942_mask_000.png
000053.jpg,6,0.905683696269989,train/003398.jpg,train,003398.jpg,1,preprocess/bbox_crop/train/003398_mask_000.png
000053.jpg,7,0.9019076824188232,train/001881.jpg,train,001881.jpg,0,preprocess/bbox_crop/train/001881_mask_000.png
000053.jpg,8,0.9015721082687378,myval/m5.jpg,myval,m5.jpg,1,preprocess/bbox_crop/myval/m5_mask_000.png
000053.jpg,9,0.9014123678207397,train/003653.jpg,train,003653.jpg,1,preprocess/bbox_crop/train/003653_mask_000.png
000053.jpg,10,0.9013242721557617,train/001937.jpg,train,001937.jpg,1,preprocess/bbox_crop/train/001937_mask_000.png
000053.jpg,11,0.9007508754730225,train/002827.jpg,train,002827.jpg,0,preprocess/bbox_crop/train/002827_mask_000.png
000053.jpg,12,0.8998600244522095,train/003562.jpg,train,003562.jpg,1,preprocess/bbox_crop/train/003562_mask_000.png
000053.jpg,13,0.8988041877746582,train/000741.jpg,train,000741.jpg,0,preprocess/bbox_crop/train/000741_mask_000.png
000053.jpg,14,0.8980389833450317,train/003772.jpg,train,003772.jpg,0,preprocess/bbox_crop/train/003772_mask_000.png
000053.jpg,15,0.8964745998382568,train/005086.jpg,train,005086.jpg,0,preprocess/bbox_crop/train/005086_mask_000.png
000053.jpg,16,0.8960732221603394,train/004938.jpg,train,004938.jpg,0,preprocess/bbox_crop/train/004938_mask_000.png
000053.jpg,17,0.8960006237030029,train/000835.jpg,train,000835.jpg,0,preprocess/bbox_crop/train/000835_mask_000.png
000053.jpg,18,0.8917554616928101,train/001683.jpg,train,001683.jpg,0,preprocess/bbox_crop/train/001683_mask_000.png
000053.jpg,19,0.8910664319992065,train/000291.jpg,train,000291.jpg,0,preprocess/bbox_crop/train/000291_mask_000.png
000053.jpg,20,0.8902490139007568,train/001282.jpg,train,001282.jpg,0,preprocess/bbox_crop/train/001282_mask_000.png
000056.jpg,1,0.8445999622344971,train/000222.jpg,train,000222.jpg,1,preprocess/bbox_crop/train/000222_mask_000.png
000056.jpg,2,0.8139055967330933,train/002625.jpg,train,002625.jpg,1,preprocess/bbox_crop/train/002625_mask_000.png
000056.jpg,3,0.8080960512161255,train/001738.jpg,train,001738.jpg,1,preprocess/bbox_crop/train/001738_mask_000.png
000056.jpg,4,0.8062717914581299,train/003718.jpg,train,003718.jpg,0,preprocess/bbox_crop/train/003718_mask_000.png
000056.jpg,5,0.8016616106033325,train/001467.jpg,train,001467.jpg,1,preprocess/bbox_crop/train/001467_mask_000.png
000056.jpg,6,0.7997808456420898,train/001657.jpg,train,001657.jpg,1,preprocess/bbox_crop/train/001657_mask_000.png
000056.jpg,7,0.7978004813194275,train/003222.jpg,train,003222.jpg,0,preprocess/bbox_crop/train/003222_mask_000.png
000056.jpg,8,0.7961204051971436,train/001937.jpg,train,001937.jpg,1,preprocess/bbox_crop/train/001937_mask_000.png
000056.jpg,9,0.7954201698303223,train/002340.jpg,train,002340.jpg,1,preprocess/bbox_crop/train/002340_mask_000.png
000056.jpg,10,0.7952069044113159,train/001515.jpg,train,001515.jpg,0,preprocess/bbox_crop/train/001515_mask_000.png
000056.jpg,11,0.7942737340927124,train/003465.jpg,train,003465.jpg,1,preprocess/bbox_crop/train/003465_mask_000.png
000056.jpg,12,0.7936816215515137,train/002064.jpg,train,002064.jpg,1,preprocess/bbox_crop/train/002064_mask_000.png
000056.jpg,13,0.7916850447654724,train/002560.jpg,train,002560.jpg,0,preprocess/bbox_crop/train/002560_mask_000.png
000056.jpg,14,0.7906448841094971,train/001659.jpg,train,001659.jpg,0,preprocess/bbox_crop/train/001659_mask_000.png
000056.jpg,15,0.7876761555671692,myval/img_c2e771004857.jpg,myval,img_c2e771004857.jpg,1,preprocess/bbox_crop/myval/img_c2e771004857_mask_000.png
000056.jpg,16,0.7862519025802612,train/001973.jpg,train,001973.jpg,0,preprocess/bbox_crop/train/001973_mask_000.png
000056.jpg,17,0.7819942235946655,train/004203.jpg,train,004203.jpg,1,preprocess/bbox_crop/train/004203_mask_000.png
000056.jpg,18,0.7819124460220337,train/001042.jpg,train,001042.jpg,1,preprocess/bbox_crop/train/001042_mask_000.png
000056.jpg,19,0.7817296981811523,train/000328.jpg,train,000328.jpg,1,preprocess/bbox_crop/train/000328_mask_000.png
000056.jpg,20,0.7812722325325012,train/001862.jpg,train,001862.jpg,1,preprocess/bbox_crop/train/001862_mask_000.png
000061.jpg,1,0.8355701565742493,train/002072.jpg,train,002072.jpg,1,preprocess/bbox_crop/train/002072_mask_000.png
000061.jpg,2,0.8296486139297485,train/000642.jpg,train,000642.jpg,0,preprocess/bbox_crop/train/000642_mask_000.png
000061.jpg,3,0.8203991651535034,train/000115.jpg,train,000115.jpg,1,preprocess/bbox_crop/train/000115_mask_000.png
000061.jpg,4,0.8142584562301636,train/003564.jpg,train,003564.jpg,1,preprocess/bbox_crop/train/003564_mask_000.png
000061.jpg,5,0.8130866885185242,train/002423.jpg,train,002423.jpg,1,preprocess/bbox_crop/train/002423_mask_000.png
000061.jpg,6,0.8119998574256897,train/001064.jpg,train,001064.jpg,1,preprocess/bbox_crop/train/001064_mask_000.png
000061.jpg,7,0.8081480264663696,train/002309.jpg,train,002309.jpg,0,preprocess/bbox_crop/train/002309_mask_000.png
000061.jpg,8,0.8046504259109497,train/001600.jpg,train,001600.jpg,1,preprocess/bbox_crop/train/001600_mask_000.png
000061.jpg,9,0.8042852282524109,train/002209.jpg,train,002209.jpg,1,preprocess/bbox_crop/train/002209_mask_000.png
000061.jpg,10,0.8042227029800415,train/000814.jpg,train,000814.jpg,1,preprocess/bbox_crop/train/000814_mask_000.png
000061.jpg,11,0.801115870475769,train/004859.jpg,train,004859.jpg,1,preprocess/bbox_crop/train/004859_mask_000.png
000061.jpg,12,0.7972130179405212,myval/img_a43c965db43f.jpg,myval,img_a43c965db43f.jpg,0,preprocess/bbox_crop/myval/img_a43c965db43f_mask_000.png
000061.jpg,13,0.7967735528945923,train/000376.jpg,train,000376.jpg,1,preprocess/bbox_crop/train/000376_mask_000.png
000061.jpg,14,0.7967165112495422,train/004032.jpg,train,004032.jpg,0,preprocess/bbox_crop/train/004032_mask_000.png
000061.jpg,15,0.7947262525558472,train/004430.jpg,train,004430.jpg,1,preprocess/bbox_crop/train/004430_mask_000.png
000061.jpg,16,0.79449462890625,train/001648.jpg,train,001648.jpg,1,preprocess/bbox_crop/train/001648_mask_000.png
000061.jpg,17,0.793861985206604,train/002823.jpg,train,002823.jpg,0,preprocess/bbox_crop/train/002823_mask_000.png
000061.jpg,18,0.7930886745452881,train/001862.jpg,train,001862.jpg,1,preprocess/bbox_crop/train/001862_mask_000.png
000061.jpg,19,0.791233479976654,train/000243.jpg,train,000243.jpg,1,preprocess/bbox_crop/train/000243_mask_000.png
000061.jpg,20,0.790295422077179,train/003346.jpg,train,003346.jpg,1,preprocess/bbox_crop/train/003346_mask_000.png
000062.jpg,1,0.8932011127471924,train/003562.jpg,train,003562.jpg,1,preprocess/bbox_crop/train/003562_mask_000.png
000062.jpg,2,0.8797645568847656,train/001500.jpg,train,001500.jpg,0,preprocess/bbox_crop/train/001500_mask_000.png
000062.jpg,3,0.8775824904441833,train/001869.jpg,train,001869.jpg,0,preprocess/bbox_crop/train/001869_mask_000.png
000062.jpg,4,0.875475287437439,train/004883.jpg,train,004883.jpg,1,preprocess/bbox_crop/train/004883_mask_000.png
000062.jpg,5,0.8724658489227295,train/005086.jpg,train,005086.jpg,0,preprocess/bbox_crop/train/005086_mask_000.png
000062.jpg,6,0.86861252784729,train/001344.jpg,train,001344.jpg,1,preprocess/bbox_crop/train/001344_mask_000.png
000062.jpg,7,0.8666203022003174,train/000516.jpg,train,000516.jpg,0,preprocess/bbox_crop/train/000516_mask_000.png
000062.jpg,8,0.864874005317688,train/002887.jpg,train,002887.jpg,0,preprocess/bbox_crop/train/002887_mask_000.png
000062.jpg,9,0.8640751838684082,train/004644.jpg,train,004644.jpg,1,preprocess/bbox_crop/train/004644_mask_000.png
000062.jpg,10,0.8637796640396118,train/004465.jpg,train,004465.jpg,0,preprocess/bbox_crop/train/004465_mask_000.png
000062.jpg,11,0.8626854419708252,train/003296.jpg,train,003296.jpg,0,preprocess/bbox_crop/train/003296_mask_000.png
000062.jpg,12,0.8605066537857056,train/000291.jpg,train,000291.jpg,0,preprocess/bbox_crop/train/000291_mask_000.png
000062.jpg,13,0.8585140705108643,train/004222.jpg,train,004222.jpg,1,preprocess/bbox_crop/train/004222_mask_000.png
000062.jpg,14,0.8579189777374268,train/001937.jpg,train,001937.jpg,1,preprocess/bbox_crop/train/001937_mask_000.png
000062.jpg,15,0.8563350439071655,train/000741.jpg,train,000741.jpg,0,preprocess/bbox_crop/train/000741_mask_000.png
000062.jpg,16,0.8551872968673706,train/000763.jpg,train,000763.jpg,0,preprocess/bbox_crop/train/000763_mask_000.png
000062.jpg,17,0.8549689054489136,train/001984.jpg,train,001984.jpg,1,preprocess/bbox_crop/train/001984_mask_000.png
000062.jpg,18,0.8528944849967957,train/004047.jpg,train,004047.jpg,0,preprocess/bbox_crop/train/004047_mask_000.png
000062.jpg,19,0.8522433638572693,train/002057.jpg,train,002057.jpg,0,preprocess/bbox_crop/train/002057_mask_000.png
000062.jpg,20,0.8519386053085327,train/001477.jpg,train,001477.jpg,1,preprocess/bbox_crop/train/001477_mask_000.png
000066.jpg,1,0.8223930597305298,train/004064.jpg,train,004064.jpg,1,preprocess/bbox_crop/train/004064_mask_000.png
000066.jpg,2,0.8209131956100464,train/000642.jpg,train,000642.jpg,0,preprocess/bbox_crop/train/000642_mask_000.png
000066.jpg,3,0.8186010718345642,train/002217.jpg,train,002217.jpg,0,preprocess/bbox_crop/train/002217_mask_000.png
000066.jpg,4,0.8100667595863342,train/003577.jpg,train,003577.jpg,1,preprocess/bbox_crop/train/003577_mask_000.png
000066.jpg,5,0.8075686693191528,train/001652.jpg,train,001652.jpg,1,preprocess/bbox_crop/train/001652_mask_000.png
000066.jpg,6,0.8042421340942383,train/001975.jpg,train,001975.jpg,1,preprocess/bbox_crop/train/001975_mask_000.png
000066.jpg,7,0.8019567728042603,train/003334.jpg,train,003334.jpg,0,preprocess/bbox_crop/train/003334_mask_000.png
000066.jpg,8,0.7991673946380615,train/002618.jpg,train,002618.jpg,0,preprocess/bbox_crop/train/002618_mask_000.png
000066.jpg,9,0.797590970993042,train/000412.jpg,train,000412.jpg,1,preprocess/bbox_crop/train/000412_mask_000.png
000066.jpg,10,0.7972838878631592,train/001220.jpg,train,001220.jpg,1,preprocess/bbox_crop/train/001220_mask_000.png
000066.jpg,11,0.7964287996292114,train/001600.jpg,train,001600.jpg,1,preprocess/bbox_crop/train/001600_mask_000.png
000066.jpg,12,0.7947484254837036,train/003048.jpg,train,003048.jpg,1,preprocess/bbox_crop/train/003048_mask_000.png
000066.jpg,13,0.7943145036697388,train/003974.jpg,train,003974.jpg,1,preprocess/bbox_crop/train/003974_mask_000.png
000066.jpg,14,0.7939695119857788,train/002205.jpg,train,002205.jpg,1,preprocess/bbox_crop/train/002205_mask_000.png
000066.jpg,15,0.7938587665557861,train/002677.jpg,train,002677.jpg,1,preprocess/bbox_crop/train/002677_mask_000.png
000066.jpg,16,0.7928091287612915,train/002252.jpg,train,002252.jpg,1,preprocess/bbox_crop/train/002252_mask_000.png
000066.jpg,17,0.7919820547103882,train/004261.jpg,train,004261.jpg,0,preprocess/bbox_crop/train/004261_mask_000.png
000066.jpg,18,0.7882314920425415,train/001551.jpg,train,001551.jpg,1,preprocess/bbox_crop/train/001551_mask_000.png
000066.jpg,19,0.7873369455337524,train/005086.jpg,train,005086.jpg,0,preprocess/bbox_crop/train/005086_mask_000.png
000066.jpg,20,0.7844703197479248,train/000831.jpg,train,000831.jpg,1,preprocess/bbox_crop/train/000831_mask_000.png
000068.jpg,1,0.6678134202957153,myval/h-r12.jpg,myval,h-r12.jpg,0,preprocess/bbox_crop/myval/h-r12_mask_000.png
000068.jpg,2,0.6262425780296326,train/004463.jpg,train,004463.jpg,1,preprocess/bbox_crop/train/004463_mask_000.png
000068.jpg,3,0.6177660822868347,train/001384.jpg,train,001384.jpg,1,preprocess/bbox_crop/train/001384_mask_000.png
000068.jpg,4,0.6158387660980225,train/002212.jpg,train,002212.jpg,1,preprocess/bbox_crop/train/002212_mask_000.png
000068.jpg,5,0.6109440326690674,myval/img_7a03b8b3de97.jpg,myval,img_7a03b8b3de97.jpg,1,preprocess/bbox_crop/myval/img_7a03b8b3de97_mask_000.png
000068.jpg,6,0.5942224264144897,myval/img_66d915f7bcf9.jpg,myval,img_66d915f7bcf9.jpg,1,preprocess/bbox_crop/myval/img_66d915f7bcf9_mask_000.png
000068.jpg,7,0.591944694519043,train/001527.jpg,train,001527.jpg,1,preprocess/bbox_crop/train/001527_mask_000.png
000068.jpg,8,0.5833448171615601,train/002387.jpg,train,002387.jpg,1,preprocess/bbox_crop/train/002387_mask_000.png
000068.jpg,9,0.5832754969596863,myval/h-r2.jpg,myval,h-r2.jpg,0,preprocess/bbox_crop/myval/h-r2_mask_000.png
000068.jpg,10,0.5794293880462646,train/002732.jpg,train,002732.jpg,1,preprocess/bbox_crop/train/002732_mask_000.png
000068.jpg,11,0.5767722129821777,train/002438.jpg,train,002438.jpg,1,preprocess/bbox_crop/train/002438_mask_000.png
000068.jpg,12,0.5608127117156982,train/003186.jpg,train,003186.jpg,1,preprocess/bbox_crop/train/003186_mask_000.png
000068.jpg,13,0.5584433078765869,train/000105.jpg,train,000105.jpg,1,preprocess/bbox_crop/train/000105_mask_000.png
000068.jpg,14,0.5572710037231445,train/002938.jpg,train,002938.jpg,1,preprocess/bbox_crop/train/002938_mask_000.png
000068.jpg,15,0.5549883842468262,train/004941.jpg,train,004941.jpg,1,preprocess/bbox_crop/train/004941_mask_000.png
000068.jpg,16,0.55113285779953,train/001134.jpg,train,001134.jpg,1,preprocess/bbox_crop/train/001134_mask_000.png
000068.jpg,17,0.5488263368606567,train/001842.jpg,train,001842.jpg,1,preprocess/bbox_crop/train/001842_mask_000.png
000068.jpg,18,0.5442256927490234,train/001645.jpg,train,001645.jpg,1,preprocess/bbox_crop/train/001645_mask_000.png
000068.jpg,19,0.5441516637802124,train/001492.jpg,train,001492.jpg,1,preprocess/bbox_crop/train/001492_mask_000.png
000068.jpg,20,0.5431699752807617,train/001783.jpg,train,001783.jpg,1,preprocess/bbox_crop/train/001783_mask_000.png
000070.jpg,1,0.8485887050628662,train/000923.jpg,train,000923.jpg,1,preprocess/bbox_crop/train/000923_mask_000.png
000070.jpg,2,0.8421587944030762,train/000871.jpg,train,000871.jpg,1,preprocess/bbox_crop/train/000871_mask_000.png
000070.jpg,3,0.8413228988647461,train/001937.jpg,train,001937.jpg,1,preprocess/bbox_crop/train/001937_mask_000.png
000070.jpg,4,0.8404571413993835,train/000328.jpg,train,000328.jpg,1,preprocess/bbox_crop/train/000328_mask_000.png
000070.jpg,5,0.8357981443405151,train/004270.jpg,train,004270.jpg,1,preprocess/bbox_crop/train/004270_mask_000.png
000070.jpg,6,0.8328399658203125,train/003311.jpg,train,003311.jpg,1,preprocess/bbox_crop/train/003311_mask_000.png
000070.jpg,7,0.8276932239532471,train/001477.jpg,train,001477.jpg,1,preprocess/bbox_crop/train/001477_mask_000.png
000070.jpg,8,0.8268829584121704,train/004415.jpg,train,004415.jpg,1,preprocess/bbox_crop/train/004415_mask_000.png
000070.jpg,9,0.8255908489227295,train/001711.jpg,train,001711.jpg,0,preprocess/bbox_crop/train/001711_mask_000.png
000070.jpg,10,0.8255494832992554,train/003937.jpg,train,003937.jpg,1,preprocess/bbox_crop/train/003937_mask_000.png
000070.jpg,11,0.8252824544906616,train/004044.jpg,train,004044.jpg,1,preprocess/bbox_crop/train/004044_mask_000.png
000070.jpg,12,0.8250367641448975,train/003219.jpg,train,003219.jpg,1,preprocess/bbox_crop/train/003219_mask_000.png
000070.jpg,13,0.8219878673553467,train/004386.jpg,train,004386.jpg,1,preprocess/bbox_crop/train/004386_mask_000.png
000070.jpg,14,0.8186829090118408,train/003653.jpg,train,003653.jpg,1,preprocess/bbox_crop/train/003653_mask_000.png
000070.jpg,15,0.815293550491333,train/002322.jpg,train,002322.jpg,0,preprocess/bbox_crop/train/002322_mask_000.png
000070.jpg,16,0.8145337104797363,train/003562.jpg,train,003562.jpg,1,preprocess/bbox_crop/train/003562_mask_000.png
000070.jpg,17,0.81403648853302,train/003100.jpg,train,003100.jpg,1,preprocess/bbox_crop/train/003100_mask_000.png
000070.jpg,18,0.8137174844741821,train/004483.jpg,train,004483.jpg,0,preprocess/bbox_crop/train/004483_mask_000.png
000070.jpg,19,0.8134773373603821,train/001973.jpg,train,001973.jpg,0,preprocess/bbox_crop/train/001973_mask_000.png
000070.jpg,20,0.8123729228973389,train/003402.jpg,train,003402.jpg,1,preprocess/bbox_crop/train/003402_mask_000.png
000082.jpg,1,0.8886121511459351,train/003398.jpg,train,003398.jpg,1,preprocess/bbox_crop/train/003398_mask_000.png
000082.jpg,2,0.8883261680603027,train/001881.jpg,train,001881.jpg,0,preprocess/bbox_crop/train/001881_mask_000.png
000082.jpg,3,0.8871734142303467,train/004404.jpg,train,004404.jpg,1,preprocess/bbox_crop/train/004404_mask_000.png
000082.jpg,4,0.8821221590042114,train/004064.jpg,train,004064.jpg,1,preprocess/bbox_crop/train/004064_mask_000.png
000082.jpg,5,0.8810594081878662,train/001973.jpg,train,001973.jpg,0,preprocess/bbox_crop/train/001973_mask_000.png
000082.jpg,6,0.8806818723678589,train/000412.jpg,train,000412.jpg,1,preprocess/bbox_crop/train/000412_mask_000.png
000082.jpg,7,0.8806524872779846,train/002860.jpg,train,002860.jpg,0,preprocess/bbox_crop/train/002860_mask_000.png
000082.jpg,8,0.8803826570510864,train/005034.jpg,train,005034.jpg,1,preprocess/bbox_crop/train/005034_mask_000.png
000082.jpg,9,0.877397358417511,train/004928.jpg,train,004928.jpg,1,preprocess/bbox_crop/train/004928_mask_000.png
000082.jpg,10,0.8763701915740967,train/004883.jpg,train,004883.jpg,1,preprocess/bbox_crop/train/004883_mask_000.png
000082.jpg,11,0.8756341934204102,train/000831.jpg,train,000831.jpg,1,preprocess/bbox_crop/train/000831_mask_000.png
000082.jpg,12,0.875454306602478,train/004069.jpg,train,004069.jpg,1,preprocess/bbox_crop/train/004069_mask_000.png
000082.jpg,13,0.8752117156982422,train/002796.jpg,train,002796.jpg,0,preprocess/bbox_crop/train/002796_mask_000.png
000082.jpg,14,0.8745473623275757,train/002017.jpg,train,002017.jpg,0,preprocess/bbox_crop/train/002017_mask_000.png
000082.jpg,15,0.8729497194290161,train/001430.jpg,train,001430.jpg,1,preprocess/bbox_crop/train/001430_mask_000.png
000082.jpg,16,0.8726872205734253,train/004722.jpg,train,004722.jpg,1,preprocess/bbox_crop/train/004722_mask_000.png
000082.jpg,17,0.8725703358650208,train/004579.jpg,train,004579.jpg,1,preprocess/bbox_crop/train/004579_mask_000.png
000082.jpg,18,0.8724128603935242,train/003653.jpg,train,003653.jpg,1,preprocess/bbox_crop/train/003653_mask_000.png
000082.jpg,19,0.8709802627563477,train/000302.jpg,train,000302.jpg,0,preprocess/bbox_crop/train/000302_mask_000.png
000082.jpg,20,0.8700920343399048,train/001631.jpg,train,001631.jpg,0,preprocess/bbox_crop/train/001631_mask_000.png
000084.jpg,1,0.5611474514007568,myval/img_ab620a31e8e5.jpg,myval,img_ab620a31e8e5.jpg,1,preprocess/bbox_crop/myval/img_ab620a31e8e5_mask_000.png
000084.jpg,2,0.5517715215682983,train/001434.jpg,train,001434.jpg,0,preprocess/bbox_crop/train/001434_mask_000.png
000084.jpg,3,0.5506502389907837,train/001384.jpg,train,001384.jpg,1,preprocess/bbox_crop/train/001384_mask_000.png
000084.jpg,4,0.5371955633163452,train/001707.jpg,train,001707.jpg,0,preprocess/bbox_crop/train/001707_mask_000.png
000084.jpg,5,0.533461332321167,train/003404.jpg,train,003404.jpg,0,preprocess/bbox_crop/train/003404_mask_000.png
000084.jpg,6,0.5334485769271851,train/003559.jpg,train,003559.jpg,0,preprocess/bbox_crop/train/003559_mask_000.png
000084.jpg,7,0.5327516794204712,train/004178.jpg,train,004178.jpg,1,preprocess/bbox_crop/train/004178_mask_000.png
000084.jpg,8,0.5316438674926758,train/000772.jpg,train,000772.jpg,0,preprocess/bbox_crop/train/000772_mask_000.png
000084.jpg,9,0.5305141806602478,myval/img_8b6630f9e1d2.jpg,myval,img_8b6630f9e1d2.jpg,1,preprocess/bbox_crop/myval/img_8b6630f9e1d2_mask_000.png
000084.jpg,10,0.528668999671936,train/004399.jpg,train,004399.jpg,0,preprocess/bbox_crop/train/004399_mask_000.png
000084.jpg,11,0.5277748703956604,myval/img_7dcbb45674ac.jpg,myval,img_7dcbb45674ac.jpg,1,preprocess/bbox_crop/myval/img_7dcbb45674ac_mask_000.png
000084.jpg,12,0.527243971824646,train/000875.jpg,train,000875.jpg,0,preprocess/bbox_crop/train/000875_mask_000.png
000084.jpg,13,0.5270340442657471,train/001746.jpg,train,001746.jpg,1,preprocess/bbox_crop/train/001746_mask_000.png
000084.jpg,14,0.5260351896286011,train/004118.jpg,train,004118.jpg,0,preprocess/bbox_crop/train/004118_mask_000.png
000084.jpg,15,0.5248940587043762,train/000591.jpg,train,000591.jpg,1,preprocess/bbox_crop/train/000591_mask_000.png
000084.jpg,16,0.5239912867546082,train/004753.jpg,train,004753.jpg,0,preprocess/bbox_crop/train/004753_mask_000.png
000084.jpg,17,0.5222054123878479,train/003230.jpg,train,003230.jpg,0,preprocess/bbox_crop/train/003230_mask_000.png
000084.jpg,18,0.5213686227798462,train/003882.jpg,train,003882.jpg,1,preprocess/bbox_crop/train/003882_mask_000.png
000084.jpg,19,0.5208718180656433,myval/img_66d915f7bcf9.jpg,myval,img_66d915f7bcf9.jpg,1,preprocess/bbox_crop/myval/img_66d915f7bcf9_mask_000.png
000084.jpg,20,0.5189559459686279,train/001935.jpg,train,001935.jpg,1,preprocess/bbox_crop/train/001935_mask_000.png
000086.jpg,1,0.8292559385299683,myval/img_193d2aa7dc0b.jpg,myval,img_193d2aa7dc0b.jpg,0,preprocess/bbox_crop/myval/img_193d2aa7dc0b_mask_000.png
000086.jpg,2,0.7929933071136475,train/001569.jpg,train,001569.jpg,1,preprocess/bbox_crop/train/001569_mask_000.png
000086.jpg,3,0.7923755645751953,train/002439.jpg,train,002439.jpg,1,preprocess/bbox_crop/train/002439_mask_000.png
000086.jpg,4,0.7898762226104736,train/000030.jpg,train,000030.jpg,0,preprocess/bbox_crop/train/000030_mask_000.png
000086.jpg,5,0.7880580425262451,train/001494.jpg,train,001494.jpg,0,preprocess/bbox_crop/train/001494_mask_000.png
000086.jpg,6,0.7879319190979004,train/003706.jpg,train,003706.jpg,1,preprocess/bbox_crop/train/003706_mask_000.png
000086.jpg,7,0.7854150533676147,train/002415.jpg,train,002415.jpg,0,preprocess/bbox_crop/train/002415_mask_000.png
000086.jpg,8,0.785314679145813,myval/r19.jpg,myval,r19.jpg,0,preprocess/bbox_crop/myval/r19_mask_000.png
000086.jpg,9,0.7848494052886963,train/005092.jpg,train,005092.jpg,0,preprocess/bbox_crop/train/005092_mask_000.png
000086.jpg,10,0.7844415903091431,train/003428.jpg,train,003428.jpg,0,preprocess/bbox_crop/train/003428_mask_000.png
000086.jpg,11,0.7834131717681885,train/004406.jpg,train,004406.jpg,0,preprocess/bbox_crop/train/004406_mask_000.png
000086.jpg,12,0.7774336338043213,myval/img_16814076d889.jpg,myval,img_16814076d889.jpg,0,preprocess/bbox_crop/myval/img_16814076d889_mask_000.png
000086.jpg,13,0.7771714925765991,train/002580.jpg,train,002580.jpg,1,preprocess/bbox_crop/train/002580_mask_000.png
000086.jpg,14,0.7758177518844604,train/002701.jpg,train,002701.jpg,1,preprocess/bbox_crop/train/002701_mask_000.png
000086.jpg,15,0.7716312408447266,train/002880.jpg,train,002880.jpg,1,preprocess/bbox_crop/train/002880_mask_000.png
000086.jpg,16,0.7710078954696655,train/004641.jpg,train,004641.jpg,1,preprocess/bbox_crop/train/004641_mask_000.png
000086.jpg,17,0.7709048390388489,train/002364.jpg,train,002364.jpg,1,preprocess/bbox_crop/train/002364_mask_000.png
000086.jpg,18,0.7707090973854065,train/003666.jpg,train,003666.jpg,1,preprocess/bbox_crop/train/003666_mask_000.png
000086.jpg,19,0.7694807052612305,train/004822.jpg,train,004822.jpg,1,preprocess/bbox_crop/train/004822_mask_000.png
000086.jpg,20,0.768995463848114,train/002470.jpg,train,002470.jpg,0,preprocess/bbox_crop/train/002470_mask_000.png
000088.jpg,1,0.8415238857269287,train/002869.jpg,train,002869.jpg,0,preprocess/bbox_crop/train/002869_mask_000.png
000088.jpg,2,0.8326128721237183,train/004916.jpg,train,004916.jpg,1,preprocess/bbox_crop/train/004916_mask_000.png
000088.jpg,3,0.8320266008377075,train/000762.jpg,train,000762.jpg,0,preprocess/bbox_crop/train/000762_mask_000.png
000088.jpg,4,0.831514835357666,train/002317.jpg,train,002317.jpg,0,preprocess/bbox_crop/train/002317_mask_000.png
000088.jpg,5,0.8276381492614746,train/004559.jpg,train,004559.jpg,0,preprocess/bbox_crop/train/004559_mask_000.png
000088.jpg,6,0.8246644139289856,myval/img_717c3366d0f8.jpg,myval,img_717c3366d0f8.jpg,0,preprocess/bbox_crop/myval/img_717c3366d0f8_mask_000.png
000088.jpg,7,0.8239689469337463,train/000003.jpg,train,000003.jpg,0,preprocess/bbox_crop/train/000003_mask_000.png
000088.jpg,8,0.8238059282302856,train/002275.jpg,train,002275.jpg,0,preprocess/bbox_crop/train/002275_mask_000.png
000088.jpg,9,0.8237128257751465,train/000850.jpg,train,000850.jpg,0,preprocess/bbox_crop/train/000850_mask_000.png
000088.jpg,10,0.8204629421234131,train/002314.jpg,train,002314.jpg,1,preprocess/bbox_crop/train/002314_mask_000.png
000088.jpg,11,0.8202352523803711,train/004193.jpg,train,004193.jpg,1,preprocess/bbox_crop/train/004193_mask_000.png
000088.jpg,12,0.8185465931892395,train/004885.jpg,train,004885.jpg,1,preprocess/bbox_crop/train/004885_mask_000.png
000088.jpg,13,0.8183623552322388,train/000321.jpg,train,000321.jpg,0,preprocess/bbox_crop/train/000321_mask_000.png
000088.jpg,14,0.8183623552322388,train/002160.jpg,train,002160.jpg,0,preprocess/bbox_crop/train/002160_mask_000.png
000088.jpg,15,0.8164557218551636,train/002642.jpg,train,002642.jpg,0,preprocess/bbox_crop/train/002642_mask_000.png
000088.jpg,16,0.8151674270629883,train/002482.jpg,train,002482.jpg,0,preprocess/bbox_crop/train/002482_mask_000.png
000088.jpg,17,0.81505286693573,train/002932.jpg,train,002932.jpg,1,preprocess/bbox_crop/train/002932_mask_000.png
000088.jpg,18,0.8131021857261658,train/004864.jpg,train,004864.jpg,1,preprocess/bbox_crop/train/004864_mask_000.png
000088.jpg,19,0.8123936653137207,train/000443.jpg,train,000443.jpg,0,preprocess/bbox_crop/train/000443_mask_000.png
000088.jpg,20,0.8121249675750732,train/004501.jpg,train,004501.jpg,1,preprocess/bbox_crop/train/004501_mask_000.png
000099.jpg,1,0.7668474316596985,train/001192.jpg,train,001192.jpg,1,preprocess/bbox_crop/train/001192_mask_000.png
000099.jpg,2,0.7610353827476501,train/003093.jpg,train,003093.jpg,1,preprocess/bbox_crop/train/003093_mask_000.png
000099.jpg,3,0.7548177242279053,train/004435.jpg,train,004435.jpg,1,preprocess/bbox_crop/train/004435_mask_000.png
000099.jpg,4,0.7483727931976318,train/004386.jpg,train,004386.jpg,1,preprocess/bbox_crop/train/004386_mask_000.png
000099.jpg,5,0.7429049015045166,myval/h-r4.jpg,myval,h-r4.jpg,0,preprocess/bbox_crop/myval/h-r4_mask_000.png
000099.jpg,6,0.7364969253540039,train/001331.jpg,train,001331.jpg,1,preprocess/bbox_crop/train/001331_mask_000.png
000099.jpg,7,0.7337428331375122,train/002916.jpg,train,002916.jpg,1,preprocess/bbox_crop/train/002916_mask_000.png
000099.jpg,8,0.7330837249755859,train/004979.jpg,train,004979.jpg,0,preprocess/bbox_crop/train/004979_mask_000.png
000099.jpg,9,0.7296931743621826,train/001716.jpg,train,001716.jpg,1,preprocess/bbox_crop/train/001716_mask_000.png
000099.jpg,10,0.7285829782485962,train/003937.jpg,train,003937.jpg,1,preprocess/bbox_crop/train/003937_mask_000.png
000099.jpg,11,0.7259975075721741,train/003562.jpg,train,003562.jpg,1,preprocess/bbox_crop/train/003562_mask_000.png
000099.jpg,12,0.7257372140884399,train/004508.jpg,train,004508.jpg,1,preprocess/bbox_crop/train/004508_mask_000.png
000099.jpg,13,0.7203688621520996,train/004129.png,train,004129.png,0,preprocess/bbox_crop/train/004129_mask_000.png
000099.jpg,14,0.7191766500473022,train/000686.jpg,train,000686.jpg,1,preprocess/bbox_crop/train/000686_mask_000.png
000099.jpg,15,0.7190167903900146,train/001344.jpg,train,001344.jpg,1,preprocess/bbox_crop/train/001344_mask_000.png
000099.jpg,16,0.7184244394302368,train/001861.jpg,train,001861.jpg,1,preprocess/bbox_crop/train/001861_mask_000.png
000099.jpg,17,0.7179945707321167,train/003056.jpg,train,003056.jpg,1,preprocess/bbox_crop/train/003056_mask_000.png
000099.jpg,18,0.7179945707321167,train/001830.jpg,train,001830.jpg,1,preprocess/bbox_crop/train/001830_mask_000.png
000099.jpg,19,0.7171945571899414,train/001937.jpg,train,001937.jpg,1,preprocess/bbox_crop/train/001937_mask_000.png
000099.jpg,20,0.7170779705047607,train/003792.jpg,train,003792.jpg,1,preprocess/bbox_crop/train/003792_mask_000.png
000104.jpg,1,0.5639868974685669,myval/img_d7d92ab05390.jpg,myval,img_d7d92ab05390.jpg,0,preprocess/bbox_crop/myval/img_d7d92ab05390_mask_000.png
000104.jpg,2,0.544529914855957,train/003627.jpg,train,003627.jpg,1,preprocess/bbox_crop/train/003627_mask_000.png
000104.jpg,3,0.5291908383369446,myval/img_291121b3eed5.jpg,myval,img_291121b3eed5.jpg,1,preprocess/bbox_crop/myval/img_291121b3eed5_mask_000.png
000104.jpg,4,0.5129750370979309,myval/img_0d80b760afb6.jpg,myval,img_0d80b760afb6.jpg,0,preprocess/bbox_crop/myval/img_0d80b760afb6_mask_000.png
000104.jpg,5,0.5079635381698608,train/004342.jpg,train,004342.jpg,0,preprocess/bbox_crop/train/004342_mask_000.png
000104.jpg,6,0.5003491640090942,train/003738.jpg,train,003738.jpg,0,preprocess/bbox_crop/train/003738_mask_000.png
000104.jpg,7,0.4893624484539032,myval/img_504af81f78a4.png,myval,img_504af81f78a4.png,1,preprocess/bbox_crop/myval/img_504af81f78a4_mask_000.png
000104.jpg,8,0.48857057094573975,train/000711.jpg,train,000711.jpg,1,preprocess/bbox_crop/train/000711_mask_000.png
000104.jpg,9,0.482687771320343,train/003152.jpg,train,003152.jpg,1,preprocess/bbox_crop/train/003152_mask_000.png
000104.jpg,10,0.47803136706352234,train/004685.jpg,train,004685.jpg,0,preprocess/bbox_crop/train/004685_mask_000.png
000104.jpg,11,0.47797033190727234,train/003013.jpg,train,003013.jpg,1,preprocess/bbox_crop/train/003013_mask_000.png
000104.jpg,12,0.46830037236213684,train/004255.jpg,train,004255.jpg,1,preprocess/bbox_crop/train/004255_mask_000.png
000104.jpg,13,0.4651719331741333,train/001801.jpg,train,001801.jpg,0,preprocess/bbox_crop/train/001801_mask_000.png
000104.jpg,14,0.4651719331741333,train/000488.jpg,train,000488.jpg,0,preprocess/bbox_crop/train/000488_mask_000.png
000104.jpg,15,0.4651719331741333,train/004867.jpg,train,004867.jpg,0,preprocess/bbox_crop/train/004867_mask_000.png
000104.jpg,16,0.46219462156295776,train/001340.jpg,train,001340.jpg,1,preprocess/bbox_crop/train/001340_mask_000.png
000104.jpg,17,0.45816758275032043,train/004482.jpg,train,004482.jpg,1,preprocess/bbox_crop/train/004482_mask_000.png
000104.jpg,18,0.4574350118637085,train/004733.jpg,train,004733.jpg,1,preprocess/bbox_crop/train/004733_mask_000.png
000104.jpg,19,0.4572470188140869,train/004783.jpg,train,004783.jpg,1,preprocess/bbox_crop/train/004783_mask_000.png
000104.jpg,20,0.4557347893714905,train/003523.jpg,train,003523.jpg,1,preprocess/bbox_crop/train/003523_mask_000.png
000106.jpg,1,0.7841936349868774,train/000460.jpg,train,000460.jpg,0,preprocess/bbox_crop/train/000460_mask_000.png
000106.jpg,2,0.7823151350021362,train/002580.jpg,train,002580.jpg,1,preprocess/bbox_crop/train/002580_mask_000.png
000106.jpg,3,0.7771577835083008,train/000005.jpg,train,000005.jpg,1,preprocess/bbox_crop/train/000005_mask_000.png
000106.jpg,4,0.7760131359100342,train/001706.jpg,train,001706.jpg,1,preprocess/bbox_crop/train/001706_mask_000.png
000106.jpg,5,0.7681523561477661,train/002813.jpg,train,002813.jpg,0,preprocess/bbox_crop/train/002813_mask_000.png
000106.jpg,6,0.7679523229598999,train/000169.jpg,train,000169.jpg,1,preprocess/bbox_crop/train/000169_mask_000.png
000106.jpg,7,0.7607316970825195,train/004383.jpg,train,004383.jpg,1,preprocess/bbox_crop/train/004383_mask_000.png
000106.jpg,8,0.7568212747573853,train/003887.jpg,train,003887.jpg,0,preprocess/bbox_crop/train/003887_mask_000.png
000106.jpg,9,0.7504174113273621,train/002511.jpg,train,002511.jpg,0,preprocess/bbox_crop/train/002511_mask_000.png
000106.jpg,10,0.7499434947967529,train/003084.jpg,train,003084.jpg,1,preprocess/bbox_crop/train/003084_mask_000.png
000106.jpg,11,0.7430179119110107,train/002399.jpg,train,002399.jpg,0,preprocess/bbox_crop/train/002399_mask_000.png
000106.jpg,12,0.7401649951934814,train/004424.jpg,train,004424.jpg,1,preprocess/bbox_crop/train/004424_mask_000.png
000106.jpg,13,0.7348737120628357,train/003801.jpg,train,003801.jpg,0,preprocess/bbox_crop/train/003801_mask_000.png
000106.jpg,14,0.7331883907318115,train/003679.jpg,train,003679.jpg,0,preprocess/bbox_crop/train/003679_mask_000.png
000106.jpg,15,0.7282921075820923,train/000536.jpg,train,000536.jpg,0,preprocess/bbox_crop/train/000536_mask_000.png
000106.jpg,16,0.727523684501648,train/000075.jpg,train,000075.jpg,1,preprocess/bbox_crop/train/000075_mask_000.png
000106.jpg,17,0.7269456386566162,train/003764.jpg,train,003764.jpg,0,preprocess/bbox_crop/train/003764_mask_000.png
000106.jpg,18,0.7266995310783386,train/000030.jpg,train,000030.jpg,0,preprocess/bbox_crop/train/000030_mask_000.png
000106.jpg,19,0.7262660264968872,train/000154.jpg,train,000154.jpg,0,preprocess/bbox_crop/train/000154_mask_000.png
000106.jpg,20,0.7261215448379517,train/003522.jpeg,train,003522.jpeg,0,preprocess/bbox_crop/train/003522_mask_000.png
000108.jpg,1,0.851554274559021,myval/r4.jpg,myval,r4.jpg,0,preprocess/bbox_crop/myval/r4_mask_000.png
000108.jpg,2,0.747637927532196,train/001465.jpg,train,001465.jpg,0,preprocess/bbox_crop/train/001465_mask_000.png
000108.jpg,3,0.7455048561096191,train/004208.jpg,train,004208.jpg,1,preprocess/bbox_crop/train/004208_mask_000.png
000108.jpg,4,0.7442151308059692,train/000244.jpg,train,000244.jpg,1,preprocess/bbox_crop/train/000244_mask_000.png
000108.jpg,5,0.7386819124221802,train/002692.jpg,train,002692.jpg,0,preprocess/bbox_crop/train/002692_mask_000.png
000108.jpg,6,0.7352060079574585,train/001035.jpg,train,001035.jpg,1,preprocess/bbox_crop/train/001035_mask_000.png
000108.jpg,7,0.7329757213592529,train/000923.jpg,train,000923.jpg,1,preprocess/bbox_crop/train/000923_mask_000.png
000108.jpg,8,0.7326971292495728,train/000142.jpg,train,000142.jpg,0,preprocess/bbox_crop/train/000142_mask_000.png
000108.jpg,9,0.731715977191925,train/004483.jpg,train,004483.jpg,0,preprocess/bbox_crop/train/004483_mask_000.png
000108.jpg,10,0.7315452098846436,train/004435.jpg,train,004435.jpg,1,preprocess/bbox_crop/train/004435_mask_000.png
000108.jpg,11,0.7314057350158691,train/003219.jpg,train,003219.jpg,1,preprocess/bbox_crop/train/003219_mask_000.png
000108.jpg,12,0.731220006942749,train/004789.jpg,train,004789.jpg,0,preprocess/bbox_crop/train/004789_mask_000.png
000108.jpg,13,0.7275103330612183,train/002665.jpg,train,002665.jpg,0,preprocess/bbox_crop/train/002665_mask_000.png
000108.jpg,14,0.7268862128257751,train/002980.jpg,train,002980.jpg,1,preprocess/bbox_crop/train/002980_mask_000.png
000108.jpg,15,0.7265865206718445,train/004632.jpg,train,004632.jpg,1,preprocess/bbox_crop/train/004632_mask_000.png
000108.jpg,16,0.7261231541633606,train/003963.jpg,train,003963.jpg,1,preprocess/bbox_crop/train/003963_mask_000.png
000108.jpg,17,0.7253343462944031,train/002695.jpg,train,002695.jpg,1,preprocess/bbox_crop/train/002695_mask_000.png
000108.jpg,18,0.7239261865615845,myval/img_e10cfcb260fb.jpg,myval,img_e10cfcb260fb.jpg,0,preprocess/bbox_crop/myval/img_e10cfcb260fb_mask_000.png
000108.jpg,19,0.7221340537071228,train/003480.jpg,train,003480.jpg,0,preprocess/bbox_crop/train/003480_mask_000.png
000108.jpg,20,0.7200835347175598,train/000771.jpg,train,000771.jpg,1,preprocess/bbox_crop/train/000771_mask_000.png
000117.jpg,1,0.8240385055541992,train/000629.jpg,train,000629.jpg,1,preprocess/bbox_crop/train/000629_mask_000.png
000117.jpg,2,0.81034255027771,train/003346.jpg,train,003346.jpg,1,preprocess/bbox_crop/train/003346_mask_000.png
000117.jpg,3,0.7998616695404053,train/001956.jpg,train,001956.jpg,1,preprocess/bbox_crop/train/001956_mask_000.png
000117.jpg,4,0.7841601371765137,train/001017.jpg,train,001017.jpg,1,preprocess/bbox_crop/train/001017_mask_000.png
000117.jpg,5,0.7723873853683472,train/002066.jpg,train,002066.jpg,1,preprocess/bbox_crop/train/002066_mask_000.png
000117.jpg,6,0.7656821012496948,train/004842.jpg,train,004842.jpg,1,preprocess/bbox_crop/train/004842_mask_000.png
000117.jpg,7,0.7608585953712463,train/003032.jpg,train,003032.jpg,1,preprocess/bbox_crop/train/003032_mask_000.png
000117.jpg,8,0.7606790661811829,train/004992.jpg,train,004992.jpg,1,preprocess/bbox_crop/train/004992_mask_000.png
000117.jpg,9,0.7587704658508301,train/003989.jpg,train,003989.jpg,0,preprocess/bbox_crop/train/003989_mask_000.png
000117.jpg,10,0.7542911171913147,train/001591.jpg,train,001591.jpg,1,preprocess/bbox_crop/train/001591_mask_000.png
000117.jpg,11,0.7529702186584473,train/004095.jpg,train,004095.jpg,1,preprocess/bbox_crop/train/004095_mask_000.png
000117.jpg,12,0.7527543306350708,train/003828.jpg,train,003828.jpg,0,preprocess/bbox_crop/train/003828_mask_000.png
000117.jpg,13,0.7504317164421082,train/000004.jpg,train,000004.jpg,1,preprocess/bbox_crop/train/000004_mask_000.png
000117.jpg,14,0.7500540018081665,train/001744.jpg,train,001744.jpg,1,preprocess/bbox_crop/train/001744_mask_000.png
000117.jpg,15,0.7489479780197144,train/000914.jpg,train,000914.jpg,1,preprocess/bbox_crop/train/000914_mask_000.png
000117.jpg,16,0.7421623468399048,train/004967.jpg,train,004967.jpg,1,preprocess/bbox_crop/train/004967_mask_000.png
000117.jpg,17,0.7417870759963989,train/005027.jpg,train,005027.jpg,1,preprocess/bbox_crop/train/005027_mask_000.png
000117.jpg,18,0.7389435172080994,train/002423.jpg,train,002423.jpg,1,preprocess/bbox_crop/train/002423_mask_000.png
000117.jpg,19,0.7367432117462158,train/002825.jpg,train,002825.jpg,1,preprocess/bbox_crop/train/002825_mask_000.png
000117.jpg,20,0.7355016469955444,train/003393.jpg,train,003393.jpg,1,preprocess/bbox_crop/train/003393_mask_000.png
000118.jpg,1,0.8719614744186401,train/003888.jpg,train,003888.jpg,1,preprocess/bbox_crop/train/003888_mask_000.png
000118.jpg,2,0.854255199432373,train/003461.jpg,train,003461.jpg,1,preprocess/bbox_crop/train/003461_mask_000.png
000118.jpg,3,0.8532271385192871,train/002406.jpg,train,002406.jpg,0,preprocess/bbox_crop/train/002406_mask_000.png
000118.jpg,4,0.8443436622619629,train/000792.jpg,train,000792.jpg,1,preprocess/bbox_crop/train/000792_mask_000.png
000118.jpg,5,0.8441275358200073,train/002412.jpg,train,002412.jpg,0,preprocess/bbox_crop/train/002412_mask_000.png
000118.jpg,6,0.8432671427726746,train/004562.jpg,train,004562.jpg,1,preprocess/bbox_crop/train/004562_mask_000.png
000118.jpg,7,0.8411218523979187,train/003982.jpg,train,003982.jpg,1,preprocess/bbox_crop/train/003982_mask_000.png
000118.jpg,8,0.8409994840621948,train/002057.jpg,train,002057.jpg,0,preprocess/bbox_crop/train/002057_mask_000.png
000118.jpg,9,0.8401710987091064,train/000812.jpg,train,000812.jpg,0,preprocess/bbox_crop/train/000812_mask_000.png
000118.jpg,10,0.8394762873649597,train/001931.jpg,train,001931.jpg,1,preprocess/bbox_crop/train/001931_mask_000.png
000118.jpg,11,0.8393427729606628,train/003574.jpg,train,003574.jpg,1,preprocess/bbox_crop/train/003574_mask_000.png
000118.jpg,12,0.8388681411743164,train/002416.jpg,train,002416.jpg,0,preprocess/bbox_crop/train/002416_mask_000.png
000118.jpg,13,0.8370188474655151,train/002095.jpg,train,002095.jpg,1,preprocess/bbox_crop/train/002095_mask_000.png
000118.jpg,14,0.8368945717811584,train/002244.jpg,train,002244.jpg,0,preprocess/bbox_crop/train/002244_mask_000.png
000118.jpg,15,0.8342781066894531,train/000045.jpg,train,000045.jpg,1,preprocess/bbox_crop/train/000045_mask_000.png
000118.jpg,16,0.8337894082069397,train/003205.jpg,train,003205.jpg,1,preprocess/bbox_crop/train/003205_mask_000.png
000118.jpg,17,0.8337069749832153,train/004565.jpg,train,004565.jpg,1,preprocess/bbox_crop/train/004565_mask_000.png
000118.jpg,18,0.8336222171783447,train/000031.jpg,train,000031.jpg,1,preprocess/bbox_crop/train/000031_mask_000.png
000118.jpg,19,0.8335378170013428,train/004644.jpg,train,004644.jpg,1,preprocess/bbox_crop/train/004644_mask_000.png
000118.jpg,20,0.8333739638328552,train/004717.jpg,train,004717.jpg,0,preprocess/bbox_crop/train/004717_mask_000.png
000119.jpg,1,0.693533718585968,train/001528.jpg,train,001528.jpg,0,preprocess/bbox_crop/train/001528_mask_000.png
000119.jpg,2,0.69092857837677,train/001809.jpg,train,001809.jpg,1,preprocess/bbox_crop/train/001809_mask_000.png
000119.jpg,3,0.686551034450531,train/001488.jpg,train,001488.jpg,0,preprocess/bbox_crop/train/001488_mask_000.png
000119.jpg,4,0.68337082862854,train/002609.jpg,train,002609.jpg,1,preprocess/bbox_crop/train/002609_mask_000.png
000119.jpg,5,0.677492618560791,train/001939.jpg,train,001939.jpg,0,preprocess/bbox_crop/train/001939_mask_000.png
000119.jpg,6,0.6740918159484863,train/002480.jpg,train,002480.jpg,1,preprocess/bbox_crop/train/002480_mask_000.png
000119.jpg,7,0.6713714003562927,train/004213.jpg,train,004213.jpg,1,preprocess/bbox_crop/train/004213_mask_000.png
000119.jpg,8,0.6702759265899658,train/003077.jpg,train,003077.jpg,1,preprocess/bbox_crop/train/003077_mask_000.png
000119.jpg,9,0.6688053607940674,train/002909.jpg,train,002909.jpg,0,preprocess/bbox_crop/train/002909_mask_000.png
000119.jpg,10,0.6679284572601318,train/002792.jpg,train,002792.jpg,0,preprocess/bbox_crop/train/002792_mask_000.png
000119.jpg,11,0.6672770380973816,train/000040.jpg,train,000040.jpg,1,preprocess/bbox_crop/train/000040_mask_000.png
000119.jpg,12,0.6624960899353027,train/004587.jpg,train,004587.jpg,0,preprocess/bbox_crop/train/004587_mask_000.png
000119.jpg,13,0.6578084230422974,train/000816.jpg,train,000816.jpg,0,preprocess/bbox_crop/train/000816_mask_000.png
000119.jpg,14,0.6546545028686523,train/004859.jpg,train,004859.jpg,1,preprocess/bbox_crop/train/004859_mask_000.png
000119.jpg,15,0.6531234979629517,train/000158.jpg,train,000158.jpg,0,preprocess/bbox_crop/train/000158_mask_000.png
000119.jpg,16,0.652519166469574,train/002826.jpg,train,002826.jpg,1,preprocess/bbox_crop/train/002826_mask_000.png
000119.jpg,17,0.6498256921768188,train/001077.jpg,train,001077.jpg,1,preprocess/bbox_crop/train/001077_mask_000.png
000119.jpg,18,0.6473459601402283,train/002447.jpg,train,002447.jpg,0,preprocess/bbox_crop/train/002447_mask_000.png
000119.jpg,19,0.6466875076293945,train/003048.jpg,train,003048.jpg,1,preprocess/bbox_crop/train/003048_mask_000.png
000119.jpg,20,0.643781840801239,train/000163.jpg,train,000163.jpg,0,preprocess/bbox_crop/train/000163_mask_000.png
000121.jpg,1,0.6307121515274048,train/001002.jpg,train,001002.jpg,1,preprocess/bbox_crop/train/001002_mask_000.png
000121.jpg,2,0.6274106502532959,train/004413.jpg,train,004413.jpg,1,preprocess/bbox_crop/train/004413_mask_000.png
000121.jpg,3,0.6258176565170288,train/000945.jpg,train,000945.jpg,1,preprocess/bbox_crop/train/000945_mask_000.png
000121.jpg,4,0.6195675134658813,train/002065.jpg,train,002065.jpg,1,preprocess/bbox_crop/train/002065_mask_000.png
000121.jpg,5,0.6179337501525879,train/003247.jpg,train,003247.jpg,1,preprocess/bbox_crop/train/003247_mask_000.png
000121.jpg,6,0.6145741939544678,train/004855.jpg,train,004855.jpg,1,preprocess/bbox_crop/train/004855_mask_000.png
000121.jpg,7,0.601055383682251,train/001046.jpg,train,001046.jpg,1,preprocess/bbox_crop/train/001046_mask_000.png
000121.jpg,8,0.6010212898254395,train/000079.jpg,train,000079.jpg,0,preprocess/bbox_crop/train/000079_mask_000.png
000121.jpg,9,0.5992921590805054,train/000614.jpg,train,000614.jpg,1,preprocess/bbox_crop/train/000614_mask_000.png
000121.jpg,10,0.5874882936477661,myval/m23.jpg,myval,m23.jpg,1,preprocess/bbox_crop/myval/m23_mask_000.png
000121.jpg,11,0.5867850184440613,train/001538.jpg,train,001538.jpg,1,preprocess/bbox_crop/train/001538_mask_000.png
000121.jpg,12,0.5803414583206177,train/000664.jpg,train,000664.jpg,1,preprocess/bbox_crop/train/000664_mask_000.png
000121.jpg,13,0.5800273418426514,train/003674.jpg,train,003674.jpg,1,preprocess/bbox_crop/train/003674_mask_000.png
000121.jpg,14,0.5800223350524902,train/000004.jpg,train,000004.jpg,1,preprocess/bbox_crop/train/000004_mask_000.png
000121.jpg,15,0.577661395072937,train/004824.jpg,train,004824.jpg,1,preprocess/bbox_crop/train/004824_mask_000.png
000121.jpg,16,0.5766537189483643,train/001348.jpg,train,001348.jpg,1,preprocess/bbox_crop/train/001348_mask_000.png
000121.jpg,17,0.5761077404022217,train/002243.jpg,train,002243.jpg,1,preprocess/bbox_crop/train/002243_mask_000.png
000121.jpg,18,0.5719650983810425,train/002920.jpg,train,002920.jpg,1,preprocess/bbox_crop/train/002920_mask_000.png
000121.jpg,19,0.5717800855636597,train/003477.jpg,train,003477.jpg,1,preprocess/bbox_crop/train/003477_mask_000.png
000121.jpg,20,0.5712194442749023,train/002066.jpg,train,002066.jpg,1,preprocess/bbox_crop/train/002066_mask_000.png
000124.jpg,1,0.8029046058654785,train/002330.jpg,train,002330.jpg,1,preprocess/bbox_crop/train/002330_mask_000.png
000124.jpg,2,0.7732937932014465,train/002993.jpg,train,002993.jpg,1,preprocess/bbox_crop/train/002993_mask_000.png
000124.jpg,3,0.7637351751327515,train/002916.jpg,train,002916.jpg,1,preprocess/bbox_crop/train/002916_mask_000.png
000124.jpg,4,0.7581512928009033,train/004393.jpg,train,004393.jpg,1,preprocess/bbox_crop/train/004393_mask_000.png
000124.jpg,5,0.7556655406951904,myval/h-r4.jpg,myval,h-r4.jpg,0,preprocess/bbox_crop/myval/h-r4_mask_000.png
000124.jpg,6,0.7496203184127808,train/001834.jpg,train,001834.jpg,0,preprocess/bbox_crop/train/001834_mask_000.png
000124.jpg,7,0.74214106798172,train/003607.jpg,train,003607.jpg,1,preprocess/bbox_crop/train/003607_mask_000.png
000124.jpg,8,0.7401109933853149,myval/img_90f462048937.jpg,myval,img_90f462048937.jpg,0,preprocess/bbox_crop/myval/img_90f462048937_mask_000.png
000124.jpg,9,0.7338843941688538,myval/img_7fb0cbed9b07.jpg,myval,img_7fb0cbed9b07.jpg,0,preprocess/bbox_crop/myval/img_7fb0cbed9b07_mask_000.png
000124.jpg,10,0.7333452701568604,train/004129.png,train,004129.png,0,preprocess/bbox_crop/train/004129_mask_000.png
000124.jpg,11,0.7220382690429688,myval/h-r22.jpg,myval,h-r22.jpg,0,preprocess/bbox_crop/myval/h-r22_mask_000.png
000124.jpg,12,0.7136390805244446,train/000630.jpg,train,000630.jpg,1,preprocess/bbox_crop/train/000630_mask_000.png
000124.jpg,13,0.712643027305603,train/003562.jpg,train,003562.jpg,1,preprocess/bbox_crop/train/003562_mask_000.png
000124.jpg,14,0.7116930484771729,train/003002.jpg,train,003002.jpg,1,preprocess/bbox_crop/train/003002_mask_000.png
000124.jpg,15,0.7108903527259827,train/004310.jpg,train,004310.jpg,1,preprocess/bbox_crop/train/004310_mask_000.png
000124.jpg,16,0.7100555896759033,myval/img_0de3586a0091.jpg,myval,img_0de3586a0091.jpg,0,preprocess/bbox_crop/myval/img_0de3586a0091_mask_000.png
000124.jpg,17,0.7085132598876953,train/004508.jpg,train,004508.jpg,1,preprocess/bbox_crop/train/004508_mask_000.png
000124.jpg,18,0.7068941593170166,train/001533.jpg,train,001533.jpg,1,preprocess/bbox_crop/train/001533_mask_000.png
000124.jpg,19,0.7052575349807739,myval/img_8ecf631781da.jpg,myval,img_8ecf631781da.jpg,0,preprocess/bbox_crop/myval/img_8ecf631781da_mask_000.png
000124.jpg,20,0.70161372423172,train/004222.jpg,train,004222.jpg,1,preprocess/bbox_crop/train/004222_mask_000.png
000127.jpg,1,0.8866610527038574,myval/img_e10cfcb260fb.jpg,myval,img_e10cfcb260fb.jpg,0,preprocess/bbox_crop/myval/img_e10cfcb260fb_mask_000.png
000127.jpg,2,0.8757690787315369,train/002160.jpg,train,002160.jpg,0,preprocess/bbox_crop/train/002160_mask_000.png
000127.jpg,3,0.8757690787315369,train/000321.jpg,train,000321.jpg,0,preprocess/bbox_crop/train/000321_mask_000.png
000127.jpg,4,0.8750050067901611,train/000754.jpg,train,000754.jpg,1,preprocess/bbox_crop/train/000754_mask_000.png
000127.jpg,5,0.8716546297073364,train/000931.jpg,train,000931.jpg,0,preprocess/bbox_crop/train/000931_mask_000.png
000127.jpg,6,0.8693376183509827,train/004228.jpg,train,004228.jpg,0,preprocess/bbox_crop/train/004228_mask_000.png
000127.jpg,7,0.8687080144882202,train/005089.jpg,train,005089.jpg,1,preprocess/bbox_crop/train/005089_mask_000.png
000127.jpg,8,0.8661737442016602,train/000467.jpg,train,000467.jpg,1,preprocess/bbox_crop/train/000467_mask_000.png
000127.jpg,9,0.8634461164474487,train/002947.jpg,train,002947.jpg,0,preprocess/bbox_crop/train/002947_mask_000.png
000127.jpg,10,0.862582266330719,train/000560.jpg,train,000560.jpg,1,preprocess/bbox_crop/train/000560_mask_000.png
000127.jpg,11,0.8623062372207642,train/003075.jpg,train,003075.jpg,0,preprocess/bbox_crop/train/003075_mask_000.png
000127.jpg,12,0.8618839383125305,train/001386.jpg,train,001386.jpg,0,preprocess/bbox_crop/train/001386_mask_000.png
000127.jpg,13,0.8602718710899353,train/002217.jpg,train,002217.jpg,0,preprocess/bbox_crop/train/002217_mask_000.png
000127.jpg,14,0.8596477508544922,myval/img_06a0b9cf01f0.jpg,myval,img_06a0b9cf01f0.jpg,0,preprocess/bbox_crop/myval/img_06a0b9cf01f0_mask_000.png
000127.jpg,15,0.8590412139892578,train/000191.jpg,train,000191.jpg,0,preprocess/bbox_crop/train/000191_mask_000.png
000127.jpg,16,0.858946681022644,train/003208.jpg,train,003208.jpg,1,preprocess/bbox_crop/train/003208_mask_000.png
000127.jpg,17,0.8588409423828125,train/002904.jpg,train,002904.jpg,0,preprocess/bbox_crop/train/002904_mask_000.png
000127.jpg,18,0.8578996658325195,train/001569.jpg,train,001569.jpg,1,preprocess/bbox_crop/train/001569_mask_000.png
000127.jpg,19,0.8576575517654419,train/004563.jpg,train,004563.jpg,0,preprocess/bbox_crop/train/004563_mask_000.png
000127.jpg,20,0.8567320108413696,train/000771.jpg,train,000771.jpg,1,preprocess/bbox_crop/train/000771_mask_000.png
000130.jpg,1,0.8235046863555908,train/004508.jpg,train,004508.jpg,1,preprocess/bbox_crop/train/004508_mask_000.png
000130.jpg,2,0.8214690089225769,train/002993.jpg,train,002993.jpg,1,preprocess/bbox_crop/train/002993_mask_000.png
000130.jpg,3,0.819911003112793,train/004310.jpg,train,004310.jpg,1,preprocess/bbox_crop/train/004310_mask_000.png
000130.jpg,4,0.8071503043174744,train/004130.jpg,train,004130.jpg,1,preprocess/bbox_crop/train/004130_mask_000.png
000130.jpg,5,0.8034175038337708,train/001539.jpg,train,001539.jpg,0,preprocess/bbox_crop/train/001539_mask_000.png
000130.jpg,6,0.7968343496322632,train/003910.jpg,train,003910.jpg,1,preprocess/bbox_crop/train/003910_mask_000.png
000130.jpg,7,0.7949076294898987,train/002557.jpg,train,002557.jpg,0,preprocess/bbox_crop/train/002557_mask_000.png
000130.jpg,8,0.7937233448028564,train/003562.jpg,train,003562.jpg,1,preprocess/bbox_crop/train/003562_mask_000.png
000130.jpg,9,0.7919604778289795,train/004419.jpg,train,004419.jpg,1,preprocess/bbox_crop/train/004419_mask_000.png
000130.jpg,10,0.7888624668121338,train/004048.jpg,train,004048.jpg,1,preprocess/bbox_crop/train/004048_mask_000.png
000130.jpg,11,0.7850878238677979,train/003607.jpg,train,003607.jpg,1,preprocess/bbox_crop/train/003607_mask_000.png
000130.jpg,12,0.7787461876869202,train/002710.jpg,train,002710.jpg,1,preprocess/bbox_crop/train/002710_mask_000.png
000130.jpg,13,0.7740790247917175,train/004959.jpg,train,004959.jpg,1,preprocess/bbox_crop/train/004959_mask_000.png
000130.jpg,14,0.7732261419296265,train/004491.jpg,train,004491.jpg,1,preprocess/bbox_crop/train/004491_mask_000.png
000130.jpg,15,0.7720398902893066,train/004667.jpg,train,004667.jpg,1,preprocess/bbox_crop/train/004667_mask_000.png
000130.jpg,16,0.7709210515022278,train/004393.jpg,train,004393.jpg,1,preprocess/bbox_crop/train/004393_mask_000.png
000130.jpg,17,0.7704950571060181,train/004914.jpg,train,004914.jpg,1,preprocess/bbox_crop/train/004914_mask_000.png
000130.jpg,18,0.7694091796875,train/000656.jpg,train,000656.jpg,0,preprocess/bbox_crop/train/000656_mask_000.png
000130.jpg,19,0.7676855325698853,train/001090.jpg,train,001090.jpg,1,preprocess/bbox_crop/train/001090_mask_000.png
000130.jpg,20,0.7673094868659973,train/003093.jpg,train,003093.jpg,1,preprocess/bbox_crop/train/003093_mask_000.png
000131.jpg,1,0.6094652414321899,train/004032.jpg,train,004032.jpg,0,preprocess/bbox_crop/train/004032_mask_000.png
000131.jpg,2,0.5948976874351501,train/000816.jpg,train,000816.jpg,0,preprocess/bbox_crop/train/000816_mask_000.png
000131.jpg,3,0.5919173955917358,myval/img_d000e4b65308.png,myval,img_d000e4b65308.png,1,preprocess/bbox_crop/myval/img_d000e4b65308_mask_000.png
000131.jpg,4,0.5902644395828247,train/002309.jpg,train,002309.jpg,0,preprocess/bbox_crop/train/002309_mask_000.png
000131.jpg,5,0.5901448726654053,train/001049.jpg,train,001049.jpg,1,preprocess/bbox_crop/train/001049_mask_000.png
000131.jpg,6,0.5895781517028809,train/001643.jpg,train,001643.jpg,1,preprocess/bbox_crop/train/001643_mask_000.png
000131.jpg,7,0.5894602537155151,train/003187.jpg,train,003187.jpg,0,preprocess/bbox_crop/train/003187_mask_000.png
000131.jpg,8,0.5892777442932129,train/000194.jpg,train,000194.jpg,1,preprocess/bbox_crop/train/000194_mask_000.png
000131.jpg,9,0.5852087140083313,train/004430.jpg,train,004430.jpg,1,preprocess/bbox_crop/train/004430_mask_000.png
000131.jpg,10,0.5814412832260132,train/002471.jpg,train,002471.jpg,0,preprocess/bbox_crop/train/002471_mask_000.png
000131.jpg,11,0.5778863430023193,train/004587.jpg,train,004587.jpg,0,preprocess/bbox_crop/train/004587_mask_000.png
000131.jpg,12,0.5759843587875366,train/000115.jpg,train,000115.jpg,1,preprocess/bbox_crop/train/000115_mask_000.png
000131.jpg,13,0.5754544138908386,train/002759.jpg,train,002759.jpg,0,preprocess/bbox_crop/train/002759_mask_000.png
000131.jpg,14,0.5736813545227051,train/001091.jpg,train,001091.jpg,1,preprocess/bbox_crop/train/001091_mask_000.png
000131.jpg,15,0.5730275511741638,train/002447.jpg,train,002447.jpg,0,preprocess/bbox_crop/train/002447_mask_000.png
000131.jpg,16,0.5705809593200684,train/004915.jpg,train,004915.jpg,1,preprocess/bbox_crop/train/004915_mask_000.png
000131.jpg,17,0.5704360008239746,train/001588.jpg,train,001588.jpg,1,preprocess/bbox_crop/train/001588_mask_000.png
000131.jpg,18,0.5691085457801819,train/004068.jpg,train,004068.jpg,1,preprocess/bbox_crop/train/004068_mask_000.png
000131.jpg,19,0.5688877701759338,train/003403.jpg,train,003403.jpg,1,preprocess/bbox_crop/train/003403_mask_000.png
000131.jpg,20,0.566554069519043,train/002911.jpg,train,002911.jpg,0,preprocess/bbox_crop/train/002911_mask_000.png
000136.jpg,1,0.8836761116981506,train/003461.jpg,train,003461.jpg,1,preprocess/bbox_crop/train/003461_mask_000.png
000136.jpg,2,0.8800640106201172,train/001973.jpg,train,001973.jpg,0,preprocess/bbox_crop/train/001973_mask_000.png
000136.jpg,3,0.8792517185211182,train/003982.jpg,train,003982.jpg,1,preprocess/bbox_crop/train/003982_mask_000.png
000136.jpg,4,0.8701145648956299,train/004883.jpg,train,004883.jpg,1,preprocess/bbox_crop/train/004883_mask_000.png
000136.jpg,5,0.8697026968002319,train/003398.jpg,train,003398.jpg,1,preprocess/bbox_crop/train/003398_mask_000.png
000136.jpg,6,0.8693382143974304,train/000357.jpg,train,000357.jpg,0,preprocess/bbox_crop/train/000357_mask_000.png
000136.jpg,7,0.8685376644134521,train/004043.jpg,train,004043.jpg,1,preprocess/bbox_crop/train/004043_mask_000.png
000136.jpg,8,0.8659421801567078,train/002457.jpg,train,002457.jpg,1,preprocess/bbox_crop/train/002457_mask_000.png
000136.jpg,9,0.8630475401878357,train/002081.jpg,train,002081.jpg,0,preprocess/bbox_crop/train/002081_mask_000.png
000136.jpg,10,0.8630431890487671,train/003132.jpg,train,003132.jpg,0,preprocess/bbox_crop/train/003132_mask_000.png
000136.jpg,11,0.8604674339294434,train/003149.jpg,train,003149.jpg,0,preprocess/bbox_crop/train/003149_mask_000.png
000136.jpg,12,0.8588813543319702,myval/img_dd6f2e247271.jpg,myval,img_dd6f2e247271.jpg,1,preprocess/bbox_crop/myval/img_dd6f2e247271_mask_000.png
000136.jpg,13,0.8584299087524414,train/002796.jpg,train,002796.jpg,0,preprocess/bbox_crop/train/002796_mask_000.png
000136.jpg,14,0.856689989566803,train/003316.jpg,train,003316.jpg,1,preprocess/bbox_crop/train/003316_mask_000.png
000136.jpg,15,0.8558599352836609,train/000071.jpg,train,000071.jpg,1,preprocess/bbox_crop/train/000071_mask_000.png
000136.jpg,16,0.8553263545036316,train/001881.jpg,train,001881.jpg,0,preprocess/bbox_crop/train/001881_mask_000.png
000136.jpg,17,0.8552522659301758,train/000831.jpg,train,000831.jpg,1,preprocess/bbox_crop/train/000831_mask_000.png
000136.jpg,18,0.8543190956115723,train/003533.jpg,train,003533.jpg,1,preprocess/bbox_crop/train/003533_mask_000.png
000136.jpg,19,0.8541561961174011,train/002017.jpg,train,002017.jpg,0,preprocess/bbox_crop/train/002017_mask_000.png
000136.jpg,20,0.8537343740463257,train/001683.jpg,train,001683.jpg,0,preprocess/bbox_crop/train/001683_mask_000.png
000138.jpg,1,0.8955880403518677,train/003562.jpg,train,003562.jpg,1,preprocess/bbox_crop/train/003562_mask_000.png
000138.jpg,2,0.8859323263168335,train/001477.jpg,train,001477.jpg,1,preprocess/bbox_crop/train/001477_mask_000.png
000138.jpg,3,0.8832544088363647,train/003792.jpg,train,003792.jpg,1,preprocess/bbox_crop/train/003792_mask_000.png
000138.jpg,4,0.8759194612503052,train/002084.jpg,train,002084.jpg,0,preprocess/bbox_crop/train/002084_mask_000.png
000138.jpg,5,0.8751604557037354,train/001716.jpg,train,001716.jpg,1,preprocess/bbox_crop/train/001716_mask_000.png
000138.jpg,6,0.8750091791152954,train/000516.jpg,train,000516.jpg,0,preprocess/bbox_crop/train/000516_mask_000.png
000138.jpg,7,0.8716822862625122,train/005086.jpg,train,005086.jpg,0,preprocess/bbox_crop/train/005086_mask_000.png
000138.jpg,8,0.8712251782417297,train/001344.jpg,train,001344.jpg,1,preprocess/bbox_crop/train/001344_mask_000.png
000138.jpg,9,0.8709970712661743,train/000383.jpg,train,000383.jpg,0,preprocess/bbox_crop/train/000383_mask_000.png
000138.jpg,10,0.8698869943618774,train/003599.jpg,train,003599.jpg,1,preprocess/bbox_crop/train/003599_mask_000.png
000138.jpg,11,0.8654873967170715,train/003100.jpg,train,003100.jpg,1,preprocess/bbox_crop/train/003100_mask_000.png
000138.jpg,12,0.86521315574646,train/001937.jpg,train,001937.jpg,1,preprocess/bbox_crop/train/001937_mask_000.png
000138.jpg,13,0.8637537956237793,train/001018.jpg,train,001018.jpg,0,preprocess/bbox_crop/train/001018_mask_000.png
000138.jpg,14,0.8628048896789551,train/001282.jpg,train,001282.jpg,0,preprocess/bbox_crop/train/001282_mask_000.png
000138.jpg,15,0.8603442907333374,train/002758.jpg,train,002758.jpg,0,preprocess/bbox_crop/train/002758_mask_000.png
000138.jpg,16,0.8601607084274292,train/002303.jpg,train,002303.jpg,0,preprocess/bbox_crop/train/002303_mask_000.png
000138.jpg,17,0.8599457144737244,train/003872.jpg,train,003872.jpg,1,preprocess/bbox_crop/train/003872_mask_000.png
000138.jpg,18,0.8598061800003052,train/003783.jpg,train,003783.jpg,0,preprocess/bbox_crop/train/003783_mask_000.png
000138.jpg,19,0.8597979545593262,train/004942.jpg,train,004942.jpg,0,preprocess/bbox_crop/train/004942_mask_000.png
000138.jpg,20,0.8583645820617676,train/000700.jpg,train,000700.jpg,0,preprocess/bbox_crop/train/000700_mask_000.png
000151.jpg,1,0.859402060508728,train/003974.jpg,train,003974.jpg,1,preprocess/bbox_crop/train/003974_mask_000.png
000151.jpg,2,0.8505954742431641,train/003781.jpg,train,003781.jpg,1,preprocess/bbox_crop/train/003781_mask_000.png
000151.jpg,3,0.8366022706031799,train/003708.jpg,train,003708.jpg,1,preprocess/bbox_crop/train/003708_mask_000.png
000151.jpg,4,0.8334503173828125,train/000826.jpg,train,000826.jpg,1,preprocess/bbox_crop/train/000826_mask_000.png
000151.jpg,5,0.8333767652511597,train/000554.jpg,train,000554.jpg,1,preprocess/bbox_crop/train/000554_mask_000.png
000151.jpg,6,0.8328643441200256,myval/img_9cbeec2d656f.jpg,myval,img_9cbeec2d656f.jpg,0,preprocess/bbox_crop/myval/img_9cbeec2d656f_mask_000.png
000151.jpg,7,0.8323312997817993,train/003461.jpg,train,003461.jpg,1,preprocess/bbox_crop/train/003461_mask_000.png
000151.jpg,8,0.8310537934303284,train/000019.jpg,train,000019.jpg,1,preprocess/bbox_crop/train/000019_mask_000.png
000151.jpg,9,0.8294551372528076,myval/img_d8b7596d741d.jpg,myval,img_d8b7596d741d.jpg,1,preprocess/bbox_crop/myval/img_d8b7596d741d_mask_000.png
000151.jpg,10,0.8277906775474548,train/000302.jpg,train,000302.jpg,0,preprocess/bbox_crop/train/000302_mask_000.png
000151.jpg,11,0.8264645338058472,train/004799.jpg,train,004799.jpg,1,preprocess/bbox_crop/train/004799_mask_000.png
000151.jpg,12,0.8253639936447144,train/002163.jpg,train,002163.jpg,0,preprocess/bbox_crop/train/002163_mask_000.png
000151.jpg,13,0.8252137899398804,train/004998.jpg,train,004998.jpg,1,preprocess/bbox_crop/train/004998_mask_000.png
000151.jpg,14,0.8229100704193115,train/002944.jpg,train,002944.jpg,0,preprocess/bbox_crop/train/002944_mask_000.png
000151.jpg,15,0.822341799736023,train/000792.jpg,train,000792.jpg,1,preprocess/bbox_crop/train/000792_mask_000.png
000151.jpg,16,0.8221769332885742,train/001779.jpg,train,001779.jpg,1,preprocess/bbox_crop/train/001779_mask_000.png
000151.jpg,17,0.819058895111084,train/002873.jpg,train,002873.jpg,1,preprocess/bbox_crop/train/002873_mask_000.png
000151.jpg,18,0.8185182809829712,train/002503.jpg,train,002503.jpg,1,preprocess/bbox_crop/train/002503_mask_000.png
000151.jpg,19,0.8182820677757263,train/001809.jpg,train,001809.jpg,1,preprocess/bbox_crop/train/001809_mask_000.png
000151.jpg,20,0.8151288628578186,train/003649.jpg,train,003649.jpg,0,preprocess/bbox_crop/train/003649_mask_000.png
000160.jpg,1,0.8788122534751892,train/003352.jpg,train,003352.jpg,1,preprocess/bbox_crop/train/003352_mask_000.png
000160.jpg,2,0.862331748008728,train/003986.jpg,train,003986.jpg,1,preprocess/bbox_crop/train/003986_mask_000.png
000160.jpg,3,0.8610951900482178,train/002057.jpg,train,002057.jpg,0,preprocess/bbox_crop/train/002057_mask_000.png
000160.jpg,4,0.8564751148223877,train/000363.jpg,train,000363.jpg,1,preprocess/bbox_crop/train/000363_mask_000.png
000160.jpg,5,0.8544280529022217,train/001011.jpg,train,001011.jpg,0,preprocess/bbox_crop/train/001011_mask_000.png
000160.jpg,6,0.8524196147918701,train/001541.jpg,train,001541.jpg,0,preprocess/bbox_crop/train/001541_mask_000.png
000160.jpg,7,0.8503955006599426,train/002174.jpg,train,002174.jpg,0,preprocess/bbox_crop/train/002174_mask_000.png
000160.jpg,8,0.8495139479637146,train/002873.jpg,train,002873.jpg,1,preprocess/bbox_crop/train/002873_mask_000.png
000160.jpg,9,0.8482604026794434,train/004717.jpg,train,004717.jpg,0,preprocess/bbox_crop/train/004717_mask_000.png
000160.jpg,10,0.8464093208312988,train/003743.jpg,train,003743.jpg,0,preprocess/bbox_crop/train/003743_mask_000.png
000160.jpg,11,0.8444429636001587,train/004562.jpg,train,004562.jpg,1,preprocess/bbox_crop/train/004562_mask_000.png
000160.jpg,12,0.8442739248275757,train/000183.jpg,train,000183.jpg,0,preprocess/bbox_crop/train/000183_mask_000.png
000160.jpg,13,0.8405051231384277,train/002716.jpg,train,002716.jpg,0,preprocess/bbox_crop/train/002716_mask_000.png
000160.jpg,14,0.8387402296066284,train/004425.jpg,train,004425.jpg,0,preprocess/bbox_crop/train/004425_mask_000.png
000160.jpg,15,0.8348235487937927,train/003854.jpg,train,003854.jpg,1,preprocess/bbox_crop/train/003854_mask_000.png
000160.jpg,16,0.8336721062660217,train/001303.jpg,train,001303.jpg,0,preprocess/bbox_crop/train/001303_mask_000.png
000160.jpg,17,0.8330538868904114,train/002783.jpg,train,002783.jpg,0,preprocess/bbox_crop/train/002783_mask_000.png
000160.jpg,18,0.8330217003822327,train/000380.jpg,train,000380.jpg,0,preprocess/bbox_crop/train/000380_mask_000.png
000160.jpg,19,0.8314540386199951,myval/img_5f63d1ce3fe8.jpg,myval,img_5f63d1ce3fe8.jpg,0,preprocess/bbox_crop/myval/img_5f63d1ce3fe8_mask_000.png
000160.jpg,20,0.8312519788742065,train/002581.jpg,train,002581.jpg,0,preprocess/bbox_crop/train/002581_mask_000.png
000173.jpg,1,0.8530035018920898,train/002873.jpg,train,002873.jpg,1,preprocess/bbox_crop/train/002873_mask_000.png
000173.jpg,2,0.8325505256652832,train/002353.jpg,train,002353.jpg,1,preprocess/bbox_crop/train/002353_mask_000.png
000173.jpg,3,0.830936074256897,train/000768.jpg,train,000768.jpg,1,preprocess/bbox_crop/train/000768_mask_000.png
000173.jpg,4,0.8273328542709351,train/003295.jpg,train,003295.jpg,1,preprocess/bbox_crop/train/003295_mask_000.png
000173.jpg,5,0.8242130279541016,train/000031.jpg,train,000031.jpg,1,preprocess/bbox_crop/train/000031_mask_000.png
000173.jpg,6,0.8187073469161987,train/004822.jpg,train,004822.jpg,1,preprocess/bbox_crop/train/004822_mask_000.png
000173.jpg,7,0.8182928562164307,train/002829.jpg,train,002829.jpg,1,preprocess/bbox_crop/train/002829_mask_000.png
000173.jpg,8,0.8172624707221985,train/001931.jpg,train,001931.jpg,1,preprocess/bbox_crop/train/001931_mask_000.png
000173.jpg,9,0.8171042799949646,train/003574.jpg,train,003574.jpg,1,preprocess/bbox_crop/train/003574_mask_000.png
000173.jpg,10,0.813782811164856,train/001477.jpg,train,001477.jpg,1,preprocess/bbox_crop/train/001477_mask_000.png
000173.jpg,11,0.8136497139930725,train/004717.jpg,train,004717.jpg,0,preprocess/bbox_crop/train/004717_mask_000.png
000173.jpg,12,0.8136205673217773,train/004667.jpg,train,004667.jpg,1,preprocess/bbox_crop/train/004667_mask_000.png
000173.jpg,13,0.8135592341423035,train/000110.jpg,train,000110.jpg,1,preprocess/bbox_crop/train/000110_mask_000.png
000173.jpg,14,0.8135272264480591,train/004799.jpg,train,004799.jpg,1,preprocess/bbox_crop/train/004799_mask_000.png
000173.jpg,15,0.8129639625549316,train/004048.jpg,train,004048.jpg,1,preprocess/bbox_crop/train/004048_mask_000.png
000173.jpg,16,0.8119537830352783,train/000019.jpg,train,000019.jpg,1,preprocess/bbox_crop/train/000019_mask_000.png
000173.jpg,17,0.8103227615356445,train/000695.jpg,train,000695.jpg,1,preprocess/bbox_crop/train/000695_mask_000.png
000173.jpg,18,0.8076895475387573,train/003352.jpg,train,003352.jpg,1,preprocess/bbox_crop/train/003352_mask_000.png
000173.jpg,19,0.8067175149917603,myval/img_f5f9db531dd6.jpg,myval,img_f5f9db531dd6.jpg,1,preprocess/bbox_crop/myval/img_f5f9db531dd6_mask_000.png
000173.jpg,20,0.8066807389259338,train/001441.jpg,train,001441.jpg,1,preprocess/bbox_crop/train/001441_mask_000.png
000177.jpg,1,0.8371521234512329,train/000124.jpg,train,000124.jpg,0,preprocess/bbox_crop/train/000124_mask_000.png
000177.jpg,2,0.8264576196670532,train/003021.jpg,train,003021.jpg,0,preprocess/bbox_crop/train/003021_mask_000.png
000177.jpg,3,0.8166932463645935,train/002570.jpg,train,002570.jpg,0,preprocess/bbox_crop/train/002570_mask_000.png
000177.jpg,4,0.8160664439201355,train/004139.jpg,train,004139.jpg,0,preprocess/bbox_crop/train/004139_mask_000.png
000177.jpg,5,0.8153836727142334,myval/img_03b8fdef585f.jpg,myval,img_03b8fdef585f.jpg,0,preprocess/bbox_crop/myval/img_03b8fdef585f_mask_000.png
000177.jpg,6,0.8132792115211487,train/000383.jpg,train,000383.jpg,0,preprocess/bbox_crop/train/000383_mask_000.png
000177.jpg,7,0.8035868406295776,train/000195.jpg,train,000195.jpg,0,preprocess/bbox_crop/train/000195_mask_000.png
000177.jpg,8,0.7993990182876587,myval/img_9460cec2af76.jpg,myval,img_9460cec2af76.jpg,0,preprocess/bbox_crop/myval/img_9460cec2af76_mask_000.png
000177.jpg,9,0.7990717887878418,train/004018.jpg,train,004018.jpg,0,preprocess/bbox_crop/train/004018_mask_000.png
000177.jpg,10,0.7990413904190063,train/002584.jpg,train,002584.jpg,0,preprocess/bbox_crop/train/002584_mask_000.png
000177.jpg,11,0.7977269291877747,myval/img_46cc0c454ef3.jpg,myval,img_46cc0c454ef3.jpg,0,preprocess/bbox_crop/myval/img_46cc0c454ef3_mask_000.png
000177.jpg,12,0.7975810766220093,train/004754.jpg,train,004754.jpg,0,preprocess/bbox_crop/train/004754_mask_000.png
000177.jpg,13,0.7957397699356079,train/001943.jpg,train,001943.jpg,0,preprocess/bbox_crop/train/001943_mask_000.png
000177.jpg,14,0.7951793074607849,train/003163.jpg,train,003163.jpg,0,preprocess/bbox_crop/train/003163_mask_000.png
000177.jpg,15,0.7927498817443848,train/003177.jpg,train,003177.jpg,0,preprocess/bbox_crop/train/003177_mask_000.png
000177.jpg,16,0.7898821830749512,train/002815.jpg,train,002815.jpg,0,preprocess/bbox_crop/train/002815_mask_000.png
000177.jpg,17,0.7879457473754883,train/000885.jpg,train,000885.jpg,0,preprocess/bbox_crop/train/000885_mask_000.png
000177.jpg,18,0.7878262996673584,train/001712.jpg,train,001712.jpg,0,preprocess/bbox_crop/train/001712_mask_000.png
000177.jpg,19,0.785117506980896,train/001269.jpg,train,001269.jpg,0,preprocess/bbox_crop/train/001269_mask_000.png
000177.jpg,20,0.7837940454483032,train/001182.jpg,train,001182.jpg,0,preprocess/bbox_crop/train/001182_mask_000.png
000186.jpg,1,0.35026776790618896,train/000917.jpg,train,000917.jpg,1,preprocess/bbox_crop/train/000917_mask_000.png
000186.jpg,2,0.34619849920272827,train/002669.jpg,train,002669.jpg,1,preprocess/bbox_crop/train/002669_mask_000.png
000186.jpg,3,0.3381035625934601,train/002229.jpg,train,002229.jpg,1,preprocess/bbox_crop/train/002229_mask_000.png
000186.jpg,4,0.33800989389419556,train/000628.jpg,train,000628.jpg,1,preprocess/bbox_crop/train/000628_mask_000.png
000186.jpg,5,0.3373793065547943,train/003531.jpg,train,003531.jpg,0,preprocess/bbox_crop/train/003531_mask_000.png
000186.jpg,6,0.33725136518478394,train/001842.jpg,train,001842.jpg,1,preprocess/bbox_crop/train/001842_mask_000.png
000186.jpg,7,0.3369651436805725,train/003965.jpg,train,003965.jpg,1,preprocess/bbox_crop/train/003965_mask_000.png
000186.jpg,8,0.32600241899490356,train/003584.jpg,train,003584.jpg,1,preprocess/bbox_crop/train/003584_mask_000.png
000186.jpg,9,0.32467108964920044,train/002893.jpg,train,002893.jpg,1,preprocess/bbox_crop/train/002893_mask_000.png
000186.jpg,10,0.3240089416503906,train/004516.jpg,train,004516.jpg,1,preprocess/bbox_crop/train/004516_mask_000.png
000186.jpg,11,0.3205537796020508,train/001264.jpg,train,001264.jpg,1,preprocess/bbox_crop/train/001264_mask_000.png
000186.jpg,12,0.31981194019317627,train/004206.jpg,train,004206.jpg,1,preprocess/bbox_crop/train/004206_mask_000.png
000186.jpg,13,0.31937700510025024,train/002008.jpg,train,002008.jpg,1,preprocess/bbox_crop/train/002008_mask_000.png
000186.jpg,14,0.31863933801651,train/000127.jpg,train,000127.jpg,1,preprocess/bbox_crop/train/000127_mask_000.png
000186.jpg,15,0.3180781602859497,train/000809.jpg,train,000809.jpg,1,preprocess/bbox_crop/train/000809_mask_000.png
000186.jpg,16,0.31682586669921875,train/000581.jpg,train,000581.jpg,1,preprocess/bbox_crop/train/000581_mask_000.png
000186.jpg,17,0.3164563775062561,myval/img_13a0afee9a4d.jpg,myval,img_13a0afee9a4d.jpg,1,preprocess/bbox_crop/myval/img_13a0afee9a4d_mask_000.png
000186.jpg,18,0.31562960147857666,train/001169.jpg,train,001169.jpg,1,preprocess/bbox_crop/train/001169_mask_000.png
000186.jpg,19,0.3144491910934448,train/000956.jpg,train,000956.jpg,1,preprocess/bbox_crop/train/000956_mask_000.png
000186.jpg,20,0.31408706307411194,train/002014.jpg,train,002014.jpg,1,preprocess/bbox_crop/train/002014_mask_000.png
